KomNr,Status,Oppgave,%
1511,Ferdig,Kvalitetsheving av traktorveger og stier,100
1514,Ferdig,Kvalitetsheving av traktorveger og stier,100
1515,Ferdig,Kvalitetsheving av traktorveger og stier,100
1516,Ferdig,Kvalitetsheving av traktorveger og stier,100
1517,Ferdig,Kvalitetsheving av traktorveger og stier,100
1520,Ferdig,Kvalitetsheving av traktorveger og stier,100
1531,Ferdig,Kvalitetsheving av traktorveger og stier,100
1532,Ferdig,Kvalitetsheving av traktorveger og stier,100
1539,Ferdig,Kvalitetsheving av traktorveger og stier,100
1573,Ferdig,Kvalitetsheving av traktorveger og stier,100
1577,Ferdig,Kvalitetsheving av traktorveger og stier,100
1868,Ferdig,Kvalitetsheving av traktorveger og stier,100
3101,Ferdig,Kvalitetsheving av traktorveger og stier,100
3112,Ferdig,Kvalitetsheving av traktorveger og stier,100
3122,Ferdig,Kvalitetsheving av traktorveger og stier,100
3124,Ferdig,Kvalitetsheving av traktorveger og stier,100
3207,Ferdig,Kvalitetsheving av traktorveger og stier,100
3212,Ferdig,Kvalitetsheving av traktorveger og stier,100
3214,Ferdig,Kvalitetsheving av traktorveger og stier,100
3216,Ferdig,Kvalitetsheving av traktorveger og stier,100
3218,Ferdig,Kvalitetsheving av traktorveger og stier,100
3220,Ferdig,Kvalitetsheving av traktorveger og stier,100
3224,Ferdig,Kvalitetsheving av traktorveger og stier,100
3230,Ferdig,Kvalitetsheving av traktorveger og stier,100
3234,Ferdig,Kvalitetsheving av traktorveger og stier,100
3236,Ferdig,Kvalitetsheving av traktorveger og stier,100
3238,Ferdig,Kvalitetsheving av traktorveger og stier,100
3240,Ferdig,Kvalitetsheving av traktorveger og stier,100
3242,Ferdig,Kvalitetsheving av traktorveger og stier,100
3310,Ferdig,Kvalitetsheving av traktorveger og stier,100
3318,Ferdig,Kvalitetsheving av traktorveger og stier,100
3334,Ferdig,Kvalitetsheving av traktorveger og stier,100
3414,Ferdig,Kvalitetsheving av traktorveger og stier,100
3415,Ferdig,Kvalitetsheving av traktorveger og stier,100
3416,Ferdig,Kvalitetsheving av traktorveger og stier,100
3417,Ferdig,Kvalitetsheving av traktorveger og stier,100
3418,Ferdig,Kvalitetsheving av traktorveger og stier,100
4020,Ferdig,Kvalitetsheving av traktorveger og stier,100
4226,Ferdig,Kvalitetsheving av traktorveger og stier,100
4615,Ferdig,Kvalitetsheving av traktorveger og stier,100
4616,Ferdig,Kvalitetsheving av traktorveger og stier,100
4625,Ferdig,Kvalitetsheving av traktorveger og stier,100
4629,Ferdig,Kvalitetsheving av traktorveger og stier,100
4633,Ferdig,Kvalitetsheving av traktorveger og stier,100
5006,Ferdig,Kvalitetsheving av traktorveger og stier,100
5007,Ferdig,Kvalitetsheving av traktorveger og stier,100
5014,Ferdig,Kvalitetsheving av traktorveger og stier,100
5020,Ferdig,Kvalitetsheving av traktorveger og stier,100
5022,Ferdig,Kvalitetsheving av traktorveger og stier,100
5031,Ferdig,Kvalitetsheving av traktorveger og stier,100
5036,Ferdig,Kvalitetsheving av traktorveger og stier,100
5037,Ferdig,Kvalitetsheving av traktorveger og stier,100
5052,Ferdig,Kvalitetsheving av traktorveger og stier,100
5057,Ferdig,Kvalitetsheving av traktorveger og stier,100
5510,Ferdig,Kvalitetsheving av traktorveger og stier,100
5538,Ferdig,Kvalitetsheving av traktorveger og stier,100
5540,Ferdig,Kvalitetsheving av traktorveger og stier,100
5626,Ferdig,Kvalitetsheving av traktorveger og stier,100
5630,Ferdig,Kvalitetsheving av traktorveger og stier,100
5632,Ferdig,Kvalitetsheving av traktorveger og stier,100
5634,Ferdig,Kvalitetsheving av traktorveger og stier,100
1101,Påbegynt,Kvalitetsheving av traktorveger og stier,99
1111,Påbegynt,Kvalitetsheving av traktorveger og stier,99
1112,Påbegynt,Kvalitetsheving av traktorveger og stier,99
1114,Påbegynt,Kvalitetsheving av traktorveger og stier,99
3120,Påbegynt,Kvalitetsheving av traktorveger og stier,95
3401,Påbegynt,Kvalitetsheving av traktorveger og stier,95
3403,Påbegynt,Kvalitetsheving av traktorveger og stier,95
3411,Påbegynt,Kvalitetsheving av traktorveger og stier,95
3412,Påbegynt,Kvalitetsheving av traktorveger og stier,95
3413,Påbegynt,Kvalitetsheving av traktorveger og stier,95
3419,Påbegynt,Kvalitetsheving av traktorveger og stier,95
3420,Påbegynt,Kvalitetsheving av traktorveger og stier,95
3421,Påbegynt,Kvalitetsheving av traktorveger og stier,95
3423,Påbegynt,Kvalitetsheving av traktorveger og stier,95
3425,Påbegynt,Kvalitetsheving av traktorveger og stier,95
3426,Påbegynt,Kvalitetsheving av traktorveger og stier,95
3429,Påbegynt,Kvalitetsheving av traktorveger og stier,95
3430,Påbegynt,Kvalitetsheving av traktorveger og stier,95
4211,Påbegynt,Kvalitetsheving av traktorveger og stier,95
4214,Påbegynt,Kvalitetsheving av traktorveger og stier,95
4223,Påbegynt,Kvalitetsheving av traktorveger og stier,90
5524,Påbegynt,Kvalitetsheving av traktorveger og stier,90
5528,Påbegynt,Kvalitetsheving av traktorveger og stier,90
5532,Påbegynt,Kvalitetsheving av traktorveger og stier,90
5542,Påbegynt,Kvalitetsheving av traktorveger og stier,90
3116,Påbegynt,Kvalitetsheving av traktorveger og stier,80
3201,Påbegynt,Kvalitetsheving av traktorveger og stier,80
4218,Påbegynt,Kvalitetsheving av traktorveger og stier,80
4613,Påbegynt,Kvalitetsheving av traktorveger og stier,70
1506,Påbegynt,Kvalitetsheving av traktorveger og stier,50
1535,Påbegynt,Kvalitetsheving av traktorveger og stier,50
1547,Påbegynt,Kvalitetsheving av traktorveger og stier,50
3336,Påbegynt,Kvalitetsheving av traktorveger og stier,35
1867,Påbegynt,Kvalitetsheving av traktorveger og stier,25
4644,Påbegynt,Kvalitetsheving av traktorveger og stier,25
5038,Påbegynt,Kvalitetsheving av traktorveger og stier,25
3330,Påbegynt,Kvalitetsheving av traktorveger og stier,20
5601,Påbegynt,Kvalitetsheving av traktorveger og stier,4
5049,Påbegynt,Kvalitetsheving av traktorveger og stier,2
3312,Ikke påbegynt,Kvalitetsheving av traktorveger og stier,0
0301,Ikke påbegynt,Kvalitetsheving av traktorveger og stier,
1103,Ikke påbegynt,Kvalitetsheving av traktorveger og stier,
1106,Ikke påbegynt,Kvalitetsheving av traktorveger og stier,
1108,Ikke påbegynt,Kvalitetsheving av traktorveger og stier,
1119,Påbegynt,Kvalitetsheving av traktorveger og stier,
1120,Ikke påbegynt,Kvalitetsheving av traktorveger og stier,
1121,Ikke påbegynt,Kvalitetsheving av traktorveger og stier,
1122,Ikke påbegynt,Kvalitetsheving av traktorveger og stier,
1124,Ikke påbegynt,Kvalitetsheving av traktorveger og stier,
1127,Ikke påbegynt,Kvalitetsheving av traktorveger og stier,
1130,Ikke påbegynt,Kvalitetsheving av traktorveger og stier,
1133,Ikke påbegynt,Kvalitetsheving av traktorveger og stier,
1134,Ikke påbegynt,Kvalitetsheving av traktorveger og stier,
1135,Ikke påbegynt,Kvalitetsheving av traktorveger og stier,
1144,Ikke påbegynt,Kvalitetsheving av traktorveger og stier,
1145,Ikke påbegynt,Kvalitetsheving av traktorveger og stier,
1146,Ikke påbegynt,Kvalitetsheving av traktorveger og stier,
1149,Ikke påbegynt,Kvalitetsheving av traktorveger og stier,
1151,Ikke påbegynt,Kvalitetsheving av traktorveger og stier,
1160,Ikke påbegynt,Kvalitetsheving av traktorveger og stier,
1505,Ikke påbegynt,Kvalitetsheving av traktorveger og stier,
1508,Ikke påbegynt,Kvalitetsheving av traktorveger og stier,
1525,Ikke påbegynt,Kvalitetsheving av traktorveger og stier,
1528,Ikke påbegynt,Kvalitetsheving av traktorveger og stier,
1554,Ikke påbegynt,Kvalitetsheving av traktorveger og stier,
1557,Ikke påbegynt,Kvalitetsheving av traktorveger og stier,
1560,Ikke påbegynt,Kvalitetsheving av traktorveger og stier,
1563,Ikke påbegynt,Kvalitetsheving av traktorveger og stier,
1566,Ikke påbegynt,Kvalitetsheving av traktorveger og stier,
1576,Ikke påbegynt,Kvalitetsheving av traktorveger og stier,
1578,Ikke påbegynt,Kvalitetsheving av traktorveger og stier,
1579,Ikke påbegynt,Kvalitetsheving av traktorveger og stier,
1580,Ikke påbegynt,Kvalitetsheving av traktorveger og stier,
1804,Ikke påbegynt,Kvalitetsheving av traktorveger og stier,
1806,Ikke påbegynt,Kvalitetsheving av traktorveger og stier,
1811,Ikke påbegynt,Kvalitetsheving av traktorveger og stier,
1812,Ikke påbegynt,Kvalitetsheving av traktorveger og stier,
1813,Ikke påbegynt,Kvalitetsheving av traktorveger og stier,
1815,Ikke påbegynt,Kvalitetsheving av traktorveger og stier,
1816,Ikke påbegynt,Kvalitetsheving av traktorveger og stier,
1818,Ikke påbegynt,Kvalitetsheving av traktorveger og stier,
1820,Ikke påbegynt,Kvalitetsheving av traktorveger og stier,
1822,Ikke påbegynt,Kvalitetsheving av traktorveger og stier,
1824,Ikke påbegynt,Kvalitetsheving av traktorveger og stier,
1825,Ikke påbegynt,Kvalitetsheving av traktorveger og stier,
1826,Ikke påbegynt,Kvalitetsheving av traktorveger og stier,
1827,Ikke påbegynt,Kvalitetsheving av traktorveger og stier,
1828,Ikke påbegynt,Kvalitetsheving av traktorveger og stier,
1832,Ikke påbegynt,Kvalitetsheving av traktorveger og stier,
1833,Ikke påbegynt,Kvalitetsheving av traktorveger og stier,
1834,Ikke påbegynt,Kvalitetsheving av traktorveger og stier,
1835,Ikke påbegynt,Kvalitetsheving av traktorveger og stier,
1836,Ikke påbegynt,Kvalitetsheving av traktorveger og stier,
1837,Ikke påbegynt,Kvalitetsheving av traktorveger og stier,
1838,Ikke påbegynt,Kvalitetsheving av traktorveger og stier,
1839,Ikke påbegynt,Kvalitetsheving av traktorveger og stier,
1840,Ikke påbegynt,Kvalitetsheving av traktorveger og stier,
1841,Ikke påbegynt,Kvalitetsheving av traktorveger og stier,
1845,Ikke påbegynt,Kvalitetsheving av traktorveger og stier,
1848,Ikke påbegynt,Kvalitetsheving av traktorveger og stier,
1851,Ikke påbegynt,Kvalitetsheving av traktorveger og stier,
1853,Ikke påbegynt,Kvalitetsheving av traktorveger og stier,
1856,Ikke påbegynt,Kvalitetsheving av traktorveger og stier,
1857,Ikke påbegynt,Kvalitetsheving av traktorveger og stier,
1859,Ikke påbegynt,Kvalitetsheving av traktorveger og stier,
1860,Ikke påbegynt,Kvalitetsheving av traktorveger og stier,
1865,Ikke påbegynt,Kvalitetsheving av traktorveger og stier,
1866,Ikke påbegynt,Kvalitetsheving av traktorveger og stier,
1870,Ikke påbegynt,Kvalitetsheving av traktorveger og stier,
1871,Ikke påbegynt,Kvalitetsheving av traktorveger og stier,
1874,Ikke påbegynt,Kvalitetsheving av traktorveger og stier,
1875,Ikke påbegynt,Kvalitetsheving av traktorveger og stier,
3103,Ikke påbegynt,Kvalitetsheving av traktorveger og stier,
3105,Ikke påbegynt,Kvalitetsheving av traktorveger og stier,
3107,Ikke påbegynt,Kvalitetsheving av traktorveger og stier,
3110,Ikke påbegynt,Kvalitetsheving av traktorveger og stier,
3114,Ikke påbegynt,Kvalitetsheving av traktorveger og stier,
3118,Ikke påbegynt,Kvalitetsheving av traktorveger og stier,
3203,Ikke påbegynt,Kvalitetsheving av traktorveger og stier,
3205,Ikke påbegynt,Kvalitetsheving av traktorveger og stier,
3209,Ikke påbegynt,Kvalitetsheving av traktorveger og stier,
3222,Ikke påbegynt,Kvalitetsheving av traktorveger og stier,
3226,Ikke påbegynt,Kvalitetsheving av traktorveger og stier,
3228,Ikke påbegynt,Kvalitetsheving av traktorveger og stier,
3232,Påbegynt,Kvalitetsheving av traktorveger og stier,
3301,Ikke påbegynt,Kvalitetsheving av traktorveger og stier,
3303,Ikke påbegynt,Kvalitetsheving av traktorveger og stier,
3305,Ikke påbegynt,Kvalitetsheving av traktorveger og stier,
3314,Ikke påbegynt,Kvalitetsheving av traktorveger og stier,
3316,Påbegynt,Kvalitetsheving av traktorveger og stier,
3320,Ikke påbegynt,Kvalitetsheving av traktorveger og stier,
3322,Ikke påbegynt,Kvalitetsheving av traktorveger og stier,
3324,Ikke påbegynt,Kvalitetsheving av traktorveger og stier,
3326,Ikke påbegynt,Kvalitetsheving av traktorveger og stier,
3328,Ikke påbegynt,Kvalitetsheving av traktorveger og stier,
3332,Ikke påbegynt,Kvalitetsheving av traktorveger og stier,
3338,Ikke påbegynt,Kvalitetsheving av traktorveger og stier,
3405,Ikke påbegynt,Kvalitetsheving av traktorveger og stier,
3407,Ikke påbegynt,Kvalitetsheving av traktorveger og stier,
3422,Ikke påbegynt,Kvalitetsheving av traktorveger og stier,
3424,Ikke påbegynt,Kvalitetsheving av traktorveger og stier,
3427,Ikke påbegynt,Kvalitetsheving av traktorveger og stier,
3428,Ikke påbegynt,Kvalitetsheving av traktorveger og stier,
3431,Ikke påbegynt,Kvalitetsheving av traktorveger og stier,
3432,Ikke påbegynt,Kvalitetsheving av traktorveger og stier,
3433,Ikke påbegynt,Kvalitetsheving av traktorveger og stier,
3434,Ikke påbegynt,Kvalitetsheving av traktorveger og stier,
3435,Ikke påbegynt,Kvalitetsheving av traktorveger og stier,
3436,Ikke påbegynt,Kvalitetsheving av traktorveger og stier,
3437,Ikke påbegynt,Kvalitetsheving av traktorveger og stier,
3438,Ikke påbegynt,Kvalitetsheving av traktorveger og stier,
3439,Ikke påbegynt,Kvalitetsheving av traktorveger og stier,
3440,Ikke påbegynt,Kvalitetsheving av traktorveger og stier,
3441,Ikke påbegynt,Kvalitetsheving av traktorveger og stier,
3442,Ikke påbegynt,Kvalitetsheving av traktorveger og stier,
3443,Ikke påbegynt,Kvalitetsheving av traktorveger og stier,
3446,Ikke påbegynt,Kvalitetsheving av traktorveger og stier,
3447,Ikke påbegynt,Kvalitetsheving av traktorveger og stier,
3448,Ikke påbegynt,Kvalitetsheving av traktorveger og stier,
3449,Ikke påbegynt,Kvalitetsheving av traktorveger og stier,
3450,Ikke påbegynt,Kvalitetsheving av traktorveger og stier,
3451,Ikke påbegynt,Kvalitetsheving av traktorveger og stier,
3452,Ikke påbegynt,Kvalitetsheving av traktorveger og stier,
3453,Ikke påbegynt,Kvalitetsheving av traktorveger og stier,
3454,Ikke påbegynt,Kvalitetsheving av traktorveger og stier,
3901,Ikke påbegynt,Kvalitetsheving av traktorveger og stier,
3903,Ikke påbegynt,Kvalitetsheving av traktorveger og stier,
3905,Ikke påbegynt,Kvalitetsheving av traktorveger og stier,
3907,Ikke påbegynt,Kvalitetsheving av traktorveger og stier,
3909,Ikke påbegynt,Kvalitetsheving av traktorveger og stier,
3911,Ikke påbegynt,Kvalitetsheving av traktorveger og stier,
4001,Påbegynt,Kvalitetsheving av traktorveger og stier,
4003,Ikke påbegynt,Kvalitetsheving av traktorveger og stier,
4005,Påbegynt,Kvalitetsheving av traktorveger og stier,
4010,Ikke påbegynt,Kvalitetsheving av traktorveger og stier,
4012,Ikke påbegynt,Kvalitetsheving av traktorveger og stier,
4014,Ikke påbegynt,Kvalitetsheving av traktorveger og stier,
4016,Ikke påbegynt,Kvalitetsheving av traktorveger og stier,
4018,Ikke påbegynt,Kvalitetsheving av traktorveger og stier,
4022,Ikke påbegynt,Kvalitetsheving av traktorveger og stier,
4024,Ikke påbegynt,Kvalitetsheving av traktorveger og stier,
4026,Ikke påbegynt,Kvalitetsheving av traktorveger og stier,
4028,Ikke påbegynt,Kvalitetsheving av traktorveger og stier,
4030,Ikke påbegynt,Kvalitetsheving av traktorveger og stier,
4032,Ikke påbegynt,Kvalitetsheving av traktorveger og stier,
4034,Ikke påbegynt,Kvalitetsheving av traktorveger og stier,
4036,Ikke påbegynt,Kvalitetsheving av traktorveger og stier,
4201,Ikke påbegynt,Kvalitetsheving av traktorveger og stier,
4202,Ikke påbegynt,Kvalitetsheving av traktorveger og stier,
4203,Ikke påbegynt,Kvalitetsheving av traktorveger og stier,
4204,Ikke påbegynt,Kvalitetsheving av traktorveger og stier,
4205,Ikke påbegynt,Kvalitetsheving av traktorveger og stier,
4206,Ikke påbegynt,Kvalitetsheving av traktorveger og stier,
4207,Ikke påbegynt,Kvalitetsheving av traktorveger og stier,
4212,Ikke påbegynt,Kvalitetsheving av traktorveger og stier,
4213,Ikke påbegynt,Kvalitetsheving av traktorveger og stier,
4215,Påbegynt,Kvalitetsheving av traktorveger og stier,
4216,Ikke påbegynt,Kvalitetsheving av traktorveger og stier,
4217,Ikke påbegynt,Kvalitetsheving av traktorveger og stier,
4219,Ikke påbegynt,Kvalitetsheving av traktorveger og stier,
4220,Ikke påbegynt,Kvalitetsheving av traktorveger og stier,
4221,Ikke påbegynt,Kvalitetsheving av traktorveger og stier,
4222,Ikke påbegynt,Kvalitetsheving av traktorveger og stier,
4224,Ikke påbegynt,Kvalitetsheving av traktorveger og stier,
4225,Ikke påbegynt,Kvalitetsheving av traktorveger og stier,
4227,Ikke påbegynt,Kvalitetsheving av traktorveger og stier,
4228,Ikke påbegynt,Kvalitetsheving av traktorveger og stier,
4601,Ikke påbegynt,Kvalitetsheving av traktorveger og stier,
4602,Ikke påbegynt,Kvalitetsheving av traktorveger og stier,
4611,Ikke påbegynt,Kvalitetsheving av traktorveger og stier,
4612,Ikke påbegynt,Kvalitetsheving av traktorveger og stier,
4614,Ikke påbegynt,Kvalitetsheving av traktorveger og stier,
4617,Ikke påbegynt,Kvalitetsheving av traktorveger og stier,
4618,Ikke påbegynt,Kvalitetsheving av traktorveger og stier,
4619,Ikke påbegynt,Kvalitetsheving av traktorveger og stier,
4620,Ikke påbegynt,Kvalitetsheving av traktorveger og stier,
4621,Ikke påbegynt,Kvalitetsheving av traktorveger og stier,
4622,Ikke påbegynt,Kvalitetsheving av traktorveger og stier,
4623,Ikke påbegynt,Kvalitetsheving av traktorveger og stier,
4624,Ikke påbegynt,Kvalitetsheving av traktorveger og stier,
4626,Ikke påbegynt,Kvalitetsheving av traktorveger og stier,
4627,Ikke påbegynt,Kvalitetsheving av traktorveger og stier,
4628,Ikke påbegynt,Kvalitetsheving av traktorveger og stier,
4630,Ikke påbegynt,Kvalitetsheving av traktorveger og stier,
4631,Ikke påbegynt,Kvalitetsheving av traktorveger og stier,
4632,Ikke påbegynt,Kvalitetsheving av traktorveger og stier,
4634,Ikke påbegynt,Kvalitetsheving av traktorveger og stier,
4635,Ikke påbegynt,Kvalitetsheving av traktorveger og stier,
4636,Ikke påbegynt,Kvalitetsheving av traktorveger og stier,
4637,Ikke påbegynt,Kvalitetsheving av traktorveger og stier,
4638,Ikke påbegynt,Kvalitetsheving av traktorveger og stier,
4639,Ikke påbegynt,Kvalitetsheving av traktorveger og stier,
4640,Ikke påbegynt,Kvalitetsheving av traktorveger og stier,
4641,Ikke påbegynt,Kvalitetsheving av traktorveger og stier,
4642,Ikke påbegynt,Kvalitetsheving av traktorveger og stier,
4643,Ikke påbegynt,Kvalitetsheving av traktorveger og stier,
4645,Ikke påbegynt,Kvalitetsheving av traktorveger og stier,
4646,Ikke påbegynt,Kvalitetsheving av traktorveger og stier,
4647,Ikke påbegynt,Kvalitetsheving av traktorveger og stier,
4648,Ikke påbegynt,Kvalitetsheving av traktorveger og stier,
4649,Ikke påbegynt,Kvalitetsheving av traktorveger og stier,
4650,Ikke påbegynt,Kvalitetsheving av traktorveger og stier,
4651,Ikke påbegynt,Kvalitetsheving av traktorveger og stier,
5001,Ikke påbegynt,Kvalitetsheving av traktorveger og stier,
5021,Ikke påbegynt,Kvalitetsheving av traktorveger og stier,
5025,Ikke påbegynt,Kvalitetsheving av traktorveger og stier,
5026,Ikke påbegynt,Kvalitetsheving av traktorveger og stier,
5027,Ikke påbegynt,Kvalitetsheving av traktorveger og stier,
5028,Ikke påbegynt,Kvalitetsheving av traktorveger og stier,
5029,Ikke påbegynt,Kvalitetsheving av traktorveger og stier,
5032,Ikke påbegynt,Kvalitetsheving av traktorveger og stier,
5033,Ikke påbegynt,Kvalitetsheving av traktorveger og stier,
5034,Ikke påbegynt,Kvalitetsheving av traktorveger og stier,
5035,Ikke påbegynt,Kvalitetsheving av traktorveger og stier,
5041,Ikke påbegynt,Kvalitetsheving av traktorveger og stier,
5042,Ikke påbegynt,Kvalitetsheving av traktorveger og stier,
5043,Ikke påbegynt,Kvalitetsheving av traktorveger og stier,
5044,Ikke påbegynt,Kvalitetsheving av traktorveger og stier,
5045,Ikke påbegynt,Kvalitetsheving av traktorveger og stier,
5046,Ikke påbegynt,Kvalitetsheving av traktorveger og stier,
5047,Ikke påbegynt,Kvalitetsheving av traktorveger og stier,
5053,Ikke påbegynt,Kvalitetsheving av traktorveger og stier,
5054,Ikke påbegynt,Kvalitetsheving av traktorveger og stier,
5055,Ikke påbegynt,Kvalitetsheving av traktorveger og stier,
5056,Påbegynt,Kvalitetsheving av traktorveger og stier,
5058,Ikke påbegynt,Kvalitetsheving av traktorveger og stier,
5059,Ikke påbegynt,Kvalitetsheving av traktorveger og stier,
5060,Ferdig,Kvalitetsheving av traktorveger og stier,
5061,Ikke påbegynt,Kvalitetsheving av traktorveger og stier,
5501,Ikke påbegynt,Kvalitetsheving av traktorveger og stier,
5503,Ikke påbegynt,Kvalitetsheving av traktorveger og stier,
5512,Ikke påbegynt,Kvalitetsheving av traktorveger og stier,
5514,Påbegynt,Kvalitetsheving av traktorveger og stier,
5516,Ikke påbegynt,Kvalitetsheving av traktorveger og stier,
5518,Ikke påbegynt,Kvalitetsheving av traktorveger og stier,
5520,Ikke påbegynt,Kvalitetsheving av traktorveger og stier,
5522,Ikke påbegynt,Kvalitetsheving av traktorveger og stier,
5526,Ikke påbegynt,Kvalitetsheving av traktorveger og stier,
5530,Ikke påbegynt,Kvalitetsheving av traktorveger og stier,
5534,Ikke påbegynt,Kvalitetsheving av traktorveger og stier,
5536,Ikke påbegynt,Kvalitetsheving av traktorveger og stier,
5544,Ikke påbegynt,Kvalitetsheving av traktorveger og stier,
5546,Ikke påbegynt,Kvalitetsheving av traktorveger og stier,
5603,Ikke påbegynt,Kvalitetsheving av traktorveger og stier,
5605,Ikke påbegynt,Kvalitetsheving av traktorveger og stier,
5607,Ikke påbegynt,Kvalitetsheving av traktorveger og stier,
5610,Ikke påbegynt,Kvalitetsheving av traktorveger og stier,
5612,Ikke påbegynt,Kvalitetsheving av traktorveger og stier,
5614,Ikke påbegynt,Kvalitetsheving av traktorveger og stier,
5616,Ikke påbegynt,Kvalitetsheving av traktorveger og stier,
5618,Ikke påbegynt,Kvalitetsheving av traktorveger og stier,
5620,Ikke påbegynt,Kvalitetsheving av traktorveger og stier,
5622,Ikke påbegynt,Kvalitetsheving av traktorveger og stier,
5624,Påbegynt,Kvalitetsheving av traktorveger og stier,
5628,Ikke påbegynt,Kvalitetsheving av traktorveger og stier,
5636,Ikke påbegynt,Kvalitetsheving av traktorveger og stier,
