Kartblad,Objekttype,Minutter,Lengde_M,Lengde_Km,Min_Per_Km,Min_Per_Km2,Region
32-5-518-227-10,Kartblad,18,14909.1804123542,14.9091804123542,1.2073098253667018,2.34375,hvajen
32-5-519-227-00,Kartblad,17,19009.6857681726,19.0096857681726,0.894280957997877,2.213541666666667,hvajen
32-5-520-227-00,Kartblad,19,14666.2894769947,14.6662894769947,1.295487862134665,2.4739583333333335,hvajen
32-5-520-227-10,Kartblad,11,23209.3289257884,23.209328925788398,0.4739473525999994,1.4322916666666667,hvajen
32-5-521-227-00,Kartblad,4,17531.7813112322,17.5317813112322,0.2281570782221253,0.5208333333333334,hvajen
32-5-521-227-10,Kartblad,2,6674.10179159519,6.67410179159519,0.2996657921098288,0.2604166666666667,hvajen
32-5-519-227-11,Kartblad,8,14996.5563006688,14.9965563006688,0.533455804093052,1.0416666666666667,hvajen
32-5-519-228-10,Kartblad,24,20516.8091879678,20.516809187967798,1.169772540170376,3.125,hvajen
32-5-519-229-10,Kartblad,24,17846.3604334533,17.846360433453302,1.3448120186461996,3.125,hvajen
32-5-519-229-11,Kartblad,22,23369.9175090251,23.3699175090251,0.9413811577000193,2.8645833333333335,hvajen
32-5-519-230-10,Kartblad,19,19486.986937087,19.486986937087,0.9750096339337005,2.4739583333333335,hvajen
32-5-519-231-11,Kartblad,20,9009.05494668375,9.009054946683749,2.219988680095912,2.604166666666667,hvajen
32-5-519-232-11,Kartblad,25,7260.2321449734,7.2602321449734,3.443416064499904,3.2552083333333335,hvajen
32-5-519-233-10,Kartblad,3,4271.27769116374,4.27127769116374,0.7023659468936633,0.390625,hvajen
32-5-519-233-11,Kartblad,5,4022.32572939615,4.02232572939615,1.2430619339102165,0.6510416666666667,hvajen
32-5-518-226-01,Kartblad,20,17052.8990461664,17.0528990461664,1.172821110701182,2.604166666666667,hvajen
32-5-518-226-11,Kartblad,21,18948.6452855323,18.9486452855323,1.1082586477057519,2.734375,hvajen
32-5-519-226-11,Kartblad,8,7211.82768813717,7.21182768813717,1.1092888440969417,1.0416666666666667,hvajen
32-5-520-226-01,Kartblad,25,18791.1154246256,18.791115424625602,1.33041596707121,3.2552083333333335,hvajen
32-5-520-226-11,Kartblad,1,9972.84268791508,9.97284268791508,0.10027231264880804,0.13020833333333334,hvajen
32-5-514-231-10,Kartblad,1,1233.35611536505,1.23335611536505,0.8107958338569707,0.13020833333333334,hvajen
32-5-515-231-00,Kartblad,1,2131.1140854109,2.1311140854109,0.4692381355112625,0.13020833333333334,hvajen
32-5-514-230-11,Kartblad,1,689.596061376518,0.6895960613765181,1.4501242916090293,0.13020833333333334,hvajen
32-5-515-230-01,Kartblad,1,3246.10552373259,3.2461055237325898,0.3080614578573937,0.13020833333333334,hvajen
32-5-514-229-10,Kartblad,2,2792.68752517692,2.79268752517692,0.7161560260392174,0.2604166666666667,hvajen
32-5-515-231-11,Kartblad,6,6359.24713202613,6.35924713202613,0.9435079146056602,0.78125,hvajen
32-5-522-228-00,Kartblad,4,11191.2711303627,11.1912711303627,0.3574214183005289,0.5208333333333334,hvajen
32-5-522-227-01,Kartblad,8,12687.1797153466,12.6871797153466,0.6305577897917756,1.0416666666666667,hvajen
32-5-521-229-10,Kartblad,16,12133.2018198771,12.133201819877101,1.318695612050906,2.0833333333333335,hvajen
32-5-521-228-11,Kartblad,9,10598.3928189113,10.5983928189113,0.8491853579856751,1.171875,hvajen
32-5-521-228-10,Kartblad,1,3367.93315677312,3.36793315677312,0.29691800681641756,0.13020833333333334,hvajen
32-5-521-227-11,Kartblad,6,12435.9768986412,12.4359768986412,0.48247114391597024,0.78125,hvajen
32-5-521-227-01,Kartblad,1,7600.05649194385,7.6000564919438505,0.13157796932957166,0.13020833333333334,hvajen
32-5-521-228-00,Kartblad,6,11993.9026337946,11.9939026337946,0.5002541860806933,0.78125,hvajen
32-5-521-228-01,Kartblad,10,13072.0123824713,13.0720123824713,0.7649931554080637,1.3020833333333335,hvajen
32-5-521-229-00,Kartblad,7,9239.26617570875,9.23926617570875,0.7576359276674942,0.9114583333333334,hvajen
32-5-520-229-10,Kartblad,10,19140.1200626954,19.140120062695402,0.5224627623674244,1.3020833333333335,hvajen
32-5-520-228-11,Kartblad,7,18016.0318159174,18.016031815917398,0.3885428307145533,0.9114583333333334,hvajen
32-5-520-228-10,Kartblad,7,12759.4304821081,12.759430482108101,0.548613828008683,0.9114583333333334,hvajen
32-5-520-227-11,Kartblad,18,22720.7154158238,22.7207154158238,0.7922285751382605,2.34375,hvajen
32-5-520-227-01,Kartblad,21,24963.399262396,24.963399262396,0.841231587864465,2.734375,hvajen
32-5-520-228-00,Kartblad,10,17965.2458765919,17.9652458765919,0.556630288763799,1.3020833333333335,hvajen
32-5-519-229-01,Kartblad,25,26524.0798096778,26.5240798096778,0.9425397668603865,3.2552083333333335,hvajen
32-5-518-229-11,Kartblad,18,14992.3414285807,14.9923414285807,1.2006129986931622,2.34375,hvajen
32-5-518-228-00,Kartblad,8,6165.41479342616,6.16541479342616,1.2975607105186104,1.0416666666666667,hvajen
32-5-518-227-11,Kartblad,20,19456.9239028287,19.456923902828702,1.0279117140964067,2.604166666666667,hvajen
32-5-518-229-10,Kartblad,15,8826.47733410851,8.826477334108509,1.6994322233214039,1.953125,hvajen
32-5-529-143-01,Kartblad,5,8814.05652829351,8.81405652829351,0.567,0.6510416666666667,hoiani
32-5-528-143-11,Kartblad,5,16203.1897760017,16.2031897760017,0.309,0.6510416666666667,hoiani
32-5-528-143-01,Kartblad,8,16320.1686031873,16.320168603187298,0.49,1.0416666666666667,hoiani
32-5-527-143-11,Kartblad,20,15666.0416194361,15.6660416194361,1.277,2.604166666666667,hoiani
32-5-527-143-01,Kartblad,15,13412.3682303418,13.412368230341801,1.118,1.953125,hoiani
32-5-526-143-11,Kartblad,20,13750.8319520207,13.7508319520207,1.454,2.604166666666667,hoiani
32-5-526-143-01,Kartblad,10,10017.8406862094,10.0178406862094,0.998,1.3020833333333335,hoiani
32-5-526-141-00,Kartblad,20,12065.1816964289,12.0651816964289,1.658,2.604166666666667,hoiani
32-5-526-140-11,Kartblad,8,11733.5564209362,11.7335564209362,0.682,1.0416666666666667,hoiani
32-5-525-143-11,Kartblad,5,10980.7436163188,10.980743616318799,0.455,0.6510416666666667,hoiani
32-5-525-141-10,Kartblad,23,23112.7644231319,23.1127644231319,0.995,2.994791666666667,hoiani
