KomNr,Kommune,Kartkontor,Antall_Lenker,Gjenstaaende_Lenker_Start,Timer_Start,Ferdigdato_Kartkontor,Ferdigdato_NVDB
0301,Oslo,Oslo,35397.0,35397.0,45.95,2026-12-11,2030-01-22
1101,Eigersund,Stavanger,6942.0,69.0,0.23,2026-07-27,2028-04-07
1103,Stavanger,Stavanger,13831.0,13831.0,23.98,2026-06-25,2027-09-27
1106,Haugesund,Stavanger,1601.0,1601.0,4.22,2026-11-24,2029-10-23
1108,Sandnes,Stavanger,17326.0,17326.0,53.52,2026-10-21,2029-05-03
1111,Sokndal,Stavanger,2134.0,21.0,0.09,2026-07-27,2028-04-12
1112,Lund,Stavanger,2758.0,28.0,0.16,2026-07-27,2028-04-11
1114,Bjerkreim,Stavanger,7158.0,72.0,0.33,2026-07-27,2028-03-31
1119,Hå,Stavanger,6268.0,6268.0,21.8,2026-07-03,2027-10-25
1120,Klepp,Stavanger,3414.0,3414.0,7.75,2026-07-27,2028-03-24
1121,Time,Stavanger,5798.0,5798.0,18.43,2026-07-16,2028-01-28
1122,Gjesdal,Stavanger,5779.0,5779.0,29.52,2026-06-17,2027-08-09
1124,Sola,Stavanger,2924.0,2924.0,5.55,2026-11-23,2029-10-12
1127,Randaberg,Stavanger,1161.0,1161.0,2.25,2026-11-25,2029-10-25
1130,Strand,Stavanger,6598.0,6598.0,18.7,2026-07-09,2027-12-08
1133,Hjelmeland,Stavanger,7360.0,7360.0,38.42,2026-06-05,2027-06-08
1134,Suldal,Stavanger,9362.0,9362.0,57.83,2026-05-22,2027-02-05
1135,Sauda,Stavanger,4201.0,4201.0,18.2,2026-07-23,2028-03-15
1144,Kvitsøy,Stavanger,207.0,207.0,0.47,2026-11-25,2029-10-25
1145,Bokn,Stavanger,948.0,948.0,3.1,2026-11-25,2029-10-24
1146,Tysvær,Stavanger,7926.0,7926.0,26.9,2026-11-13,2029-09-25
1149,Karmøy,Stavanger,6834.0,6834.0,17.95,2026-11-19,2029-10-10
1151,Utsira,Stavanger,66.0,66.0,0.3,2026-11-25,2029-10-25
1160,Vindafjord,Stavanger,8327.0,8327.0,37.65,2026-11-03,2029-07-12
1505,Kristiansund,Molde,2048.0,2048.0,6.5,2026-07-29,2028-04-18
1506,Molde,Molde,9849.0,4924.0,29.06,2027-01-13,2030-05-17
1508,Ålesund,Molde,8749.0,8749.0,23.57,2027-01-18,2030-06-04
1511,Vanylven,Molde,3853.0,0.0,0.0,2026-05-01,2026-05-05
1514,Sande,Molde,1741.0,0.0,0.0,2026-05-01,2026-05-06
1515,Herøy,Molde,3933.0,0.0,0.0,2026-05-01,2026-05-11
1516,Ulstein,Molde,2064.0,0.0,0.0,2026-05-01,2026-05-12
1517,Hareid,Molde,1697.0,0.0,0.0,2026-05-01,2026-05-13
1520,Ørsta,Molde,7613.0,0.0,0.0,2026-05-01,2026-05-20
1525,Stranda,Molde,3918.0,3918.0,25.55,2026-12-25,2030-03-08
1528,Sykkylven,Molde,2501.0,2501.0,13.5,2027-01-28,2030-08-08
1531,Sula,Molde,2706.0,0.0,0.0,2026-05-01,2026-05-22
1532,Giske,Molde,1996.0,0.0,0.0,2026-05-01,2026-05-26
1535,Vestnes,Molde,5719.0,2860.0,10.96,2027-02-02,2030-09-03
1539,Rauma,Molde,7546.0,0.0,0.0,2026-05-01,2026-06-02
1547,Aukra,Molde,900.0,450.0,1.69,2026-07-30,2028-04-18
1554,Averøy,Molde,3601.0,3601.0,11.78,2026-07-27,2028-04-14
1557,Gjemnes,Molde,3596.0,3596.0,18.12,2026-07-22,2028-03-10
1560,Tingvoll,Molde,5373.0,5373.0,20.32,2026-07-14,2027-12-29
1563,Sunndal,Molde,7848.0,7848.0,53.02,2026-05-22,2027-02-12
1566,Surnadal,Molde,7330.0,7330.0,49.83,2026-06-12,2027-07-13
1573,Smøla,Molde,1964.0,0.0,0.0,2026-05-01,2026-06-03
1576,Aure,Molde,4577.0,4577.0,24.75,2026-07-06,2027-11-16
1577,Volda,Molde,7345.0,0.0,0.0,2026-05-01,2026-06-10
1578,Fjord,Molde,5931.0,5931.0,37.45,2026-12-16,2030-01-28
1579,Hustadvika,Molde,7743.0,7743.0,31.6,2026-06-25,2027-10-04
1580,Haram,Molde,4153.0,4153.0,14.55,2027-01-22,2030-07-04
1804,Bodø,Bodø,11982.0,11982.0,51.58,2026-09-23,2029-01-09
1806,Narvik,Bodø,12335.0,12335.0,83.72,2026-06-10,2027-07-06
1811,Bindal,Bodø,2467.0,2467.0,28.25,2027-01-04,2030-04-03
1812,Sømna,Bodø,1993.0,1993.0,8.9,2027-03-15,2031-01-09
1813,Brønnøy,Bodø,5124.0,5124.0,31.57,2026-12-07,2029-12-19
1815,Vega,Bodø,1249.0,1249.0,5.65,2027-03-24,2031-03-03
1816,Vevelstad,Bodø,1471.0,1471.0,13.07,2027-02-26,2030-11-26
1818,Herøy,Bodø,3933.0,3933.0,3.02,2027-03-29,2031-04-11
1820,Alstahaug,Bodø,3019.0,3019.0,10.18,2027-03-10,2031-01-07
1822,Leirfjord,Bodø,2506.0,2506.0,14.07,2027-08-24,2032-06-21
1824,Vefsn,Bodø,8559.0,8559.0,56.65,2026-08-31,2028-09-19
1825,Grane,Bodø,4468.0,4468.0,45.67,2026-11-05,2029-08-09
1826,Aarborte - Hattfjelldal,Bodø,4610.0,4610.0,58.52,2026-08-04,2028-06-09
1827,Dønna,Bodø,1732.0,1732.0,7.0,2027-08-31,2032-07-02
1828,Nesna,Bodø,1141.0,1141.0,7.62,2027-08-27,2032-07-01
1832,Hemnes,Bodø,4516.0,4516.0,42.9,2027-11-10,2032-09-07
1833,Rana,Bodø,10959.0,10959.0,109.38,2027-10-21,2032-08-27
1834,Lurøy,Bodø,1485.0,1485.0,8.65,2027-11-26,2032-09-20
1835,Træna,Bodø,88.0,88.0,0.5,2027-03-29,2031-04-11
1836,Rødøy,Bodø,1257.0,1257.0,16.43,2027-08-18,2032-05-24
1837,Meløy,Bodø,4215.0,4215.0,26.2,2027-11-23,2032-09-09
1838,Gildeskål,Bodø,2461.0,2461.0,18.35,2027-08-10,2032-05-21
1839,Beiarn,Bodø,3086.0,3086.0,32.5,2027-08-02,2032-05-06
1840,Saltdal,Bodø,5167.0,5167.0,59.65,2026-07-07,2027-11-19
1841,Fauske - Fuossko,Bodø,5814.0,5814.0,34.88,2027-07-16,2032-03-05
1845,Sørfold,Bodø,3450.0,3450.0,35.48,2027-06-16,2032-01-20
1848,Steigen,Bodø,4379.0,4379.0,30.4,2026-12-21,2030-02-13
1851,Lødingen,Bodø,2014.0,2014.0,14.68,2027-02-22,2030-11-08
1853,Evenes - Evenášši,Bodø,2823.0,2823.0,12.45,2027-03-05,2030-12-09
1856,Røst,Bodø,455.0,455.0,0.95,2027-03-29,2031-04-11
1857,Værøy,Bodø,187.0,187.0,1.05,2027-03-29,2031-04-11
1859,Flakstad,Bodø,2889.0,2889.0,7.88,2027-03-22,2031-03-03
1860,Vestvågøy,Bodø,4988.0,4988.0,21.23,2027-02-05,2030-09-18
1865,Vågan,Bodø,4309.0,4309.0,18.27,2027-02-15,2030-10-22
1866,Hadsel,Bodø,4661.0,4661.0,24.65,2027-01-27,2030-08-06
1867,Bø,Bodø,1613.0,1210.0,8.46,2027-03-18,2031-02-24
1868,Øksnes,Bodø,2602.0,0.0,0.0,2026-05-01,2026-06-12
1870,Sortland - Suortá,Bodø,4121.0,4121.0,26.48,2027-01-15,2030-05-21
1871,Andøy,Bodø,7827.0,7827.0,33.4,2026-11-23,2029-10-19
1874,Moskenes,Bodø,949.0,949.0,3.8,2027-03-26,2031-03-24
1875,Hábmer - Hamarøy,Bodø,5093.0,5093.0,47.62,2026-10-15,2029-04-05
3101,Halden,Oslo,11913.0,0.0,0.0,2026-05-01,2026-06-23
3103,Moss,Oslo,6581.0,6581.0,12.53,2027-05-24,2031-11-07
3105,Sarpsborg,Oslo,13048.0,13048.0,29.23,2027-03-29,2031-04-08
3107,Fredrikstad,Oslo,14235.0,14235.0,26.95,2027-04-16,2031-06-13
3110,Hvaler,Oslo,4834.0,4834.0,7.3,2027-05-26,2031-11-12
3112,Råde,Oslo,2288.0,0.0,0.0,2026-05-01,2026-06-25
3114,Våler,Oslo,8900.0,8900.0,17.77,2027-05-07,2031-09-11
3116,Skiptvet,Oslo,1677.0,335.0,1.12,2027-05-28,2031-12-08
3118,Indre Østfold,Oslo,15270.0,15270.0,48.8,2026-11-26,2029-11-09
3120,Rakkestad,Oslo,3807.0,190.0,1.03,2027-05-28,2031-12-11
3122,Marker,Oslo,2269.0,0.0,0.0,2026-05-01,2026-06-29
3124,Aremark,Oslo,1483.0,0.0,0.0,2026-05-01,2026-06-30
3201,Bærum,Oslo,10234.0,2047.0,3.86,2027-05-28,2031-12-05
3203,Asker,Oslo,16870.0,16870.0,35.85,2027-02-02,2030-08-28
3205,Lillestrøm,Oslo,10677.0,10677.0,30.5,2027-03-09,2031-01-03
3207,Nordre Follo,Oslo,6990.0,0.0,0.0,2026-05-01,2026-07-06
3209,Ullensaker,Oslo,5340.0,5340.0,19.12,2027-04-30,2031-08-15
3212,Nesodden,Oslo,2953.0,0.0,0.0,2026-05-01,2026-07-08
3214,Frogn,Oslo,4201.0,0.0,0.0,2026-05-01,2026-07-13
3216,Vestby,Oslo,4345.0,0.0,0.0,2026-05-01,2026-07-16
3218,Ås,Oslo,3084.0,0.0,0.0,2026-05-01,2026-07-20
3220,Enebakk,Oslo,4093.0,0.0,0.0,2026-05-01,2026-07-23
3222,Lørenskog,Oslo,2091.0,2091.0,4.92,2027-05-27,2031-11-14
3224,Rælingen,Oslo,3352.0,0.0,0.0,2026-05-01,2026-07-27
3226,Aurskog-Høland,Oslo,10975.0,10975.0,55.05,2026-10-23,2029-05-16
3228,Nes,Oslo,7813.0,7813.0,38.2,2027-01-07,2030-04-18
3230,Gjerdrum,Oslo,1443.0,0.0,0.0,2026-05-01,2026-07-28
3232,Nittedal,Oslo,5357.0,5357.0,17.0,2027-05-19,2031-11-03
3234,Lunner,Oslo,5579.0,0.0,0.0,2026-05-01,2026-08-03
3236,Jevnaker,Oslo,3494.0,0.0,0.0,2026-05-01,2026-08-05
3238,Nannestad,Oslo,4444.0,0.0,0.0,2026-05-01,2026-08-10
3240,Eidsvoll,Oslo,5707.0,0.0,0.0,2026-05-01,2026-08-14
3242,Hurdal,Oslo,4543.0,0.0,0.0,2026-05-01,2026-08-19
3301,Drammen,Oslo,11937.0,11937.0,29.3,2027-03-18,2031-02-21
3303,Kongsberg,Oslo,18936.0,18936.0,61.3,2026-09-15,2028-12-08
3305,Ringerike,Oslo,27311.0,27311.0,102.12,2026-06-05,2027-06-01
3310,Hole,Oslo,3102.0,0.0,0.0,2026-05-01,2026-08-21
3312,Lier,Oslo,6724.0,6724.0,23.15,2027-04-26,2031-08-06
3314,Øvre Eiker,Oslo,6486.0,6486.0,27.6,2027-04-07,2031-05-09
3316,Modum,Oslo,10613.0,10613.0,38.1,2027-01-21,2030-07-01
3318,Krødsherad,Oslo,7775.0,0.0,0.0,2026-05-01,2026-08-28
3320,Flå,Oslo,6856.0,6856.0,34.98,2027-02-26,2030-11-25
3322,Nesbyen,Oslo,11185.0,11185.0,51.42,2026-11-10,2029-08-21
3324,Gol,Oslo,9600.0,9600.0,38.9,2026-12-25,2030-03-05
3326,Hemsedal,Oslo,8110.0,8110.0,35.08,2027-02-15,2030-10-17
3328,Ål,Oslo,16194.0,16194.0,68.78,2026-08-03,2028-06-06
3330,Hol,Oslo,14988.0,11990.0,67.12,2026-08-25,2028-08-17
3332,Sigdal,Oslo,17054.0,17054.0,56.48,2026-10-05,2029-02-28
3334,Flesberg,Oslo,10021.0,0.0,0.0,2026-05-01,2026-09-08
3336,Rollag,Oslo,7744.0,5034.0,17.06,2027-05-13,2031-10-01
3338,Nore og Uvdal,Oslo,13281.0,13281.0,99.05,2026-07-09,2027-12-02
3401,Kongsvinger,Hamar,10212.0,511.0,2.85,2026-10-30,2029-06-25
3403,Hamar,Hamar,3151.0,158.0,0.83,2028-02-08,2033-01-18
3405,Lillehammer,Hamar,10606.0,10606.0,35.25,2027-12-23,2032-10-06
3407,Gjøvik,Hamar,7897.0,7897.0,36.9,2027-12-08,2032-09-27
3411,Ringsaker,Hamar,12701.0,635.0,2.94,2028-02-07,2033-01-06
3412,Løten,Hamar,2884.0,144.0,0.82,2028-02-08,2033-01-19
3413,Stange,Hamar,7796.0,390.0,1.76,2026-10-30,2029-07-02
3414,Nord-Odal,Hamar,3411.0,0.0,0.0,2026-05-01,2026-09-10
3415,Sør-Odal,Hamar,5776.0,0.0,0.0,2026-05-01,2026-09-16
3416,Eidskog,Hamar,5440.0,0.0,0.0,2026-05-01,2026-09-21
3417,Grue,Hamar,4204.0,0.0,0.0,2026-05-01,2026-09-24
3418,Åsnes,Hamar,5531.0,0.0,0.0,2026-05-01,2026-09-30
3419,Våler,Hamar,8900.0,445.0,1.61,2028-02-08,2033-01-13
3420,Elverum,Hamar,11666.0,583.0,3.29,2028-02-04,2032-12-24
3421,Trysil,Hamar,16189.0,809.0,5.97,2028-02-03,2032-12-14
3422,Åmot,Hamar,9088.0,9088.0,54.85,2028-02-02,2032-11-29
3423,Stor-Elvdal,Hamar,13617.0,681.0,4.69,2028-01-05,2032-10-25
3424,Rendalen,Hamar,11980.0,11980.0,122.9,2026-12-21,2030-02-25
3425,Engerdal,Hamar,6538.0,327.0,3.42,2028-01-06,2032-11-01
3426,Tolga,Hamar,8559.0,428.0,2.87,2028-01-10,2032-11-16
3427,Tynset,Hamar,10498.0,10498.0,81.12,2027-02-26,2030-12-05
3428,Alvdal,Hamar,10557.0,10557.0,62.65,2027-05-18,2031-10-22
3429,Folldal,Hamar,8494.0,425.0,3.12,2028-01-07,2032-11-08
3430,Os,Hamar,5106.0,255.0,1.93,2028-01-11,2032-11-19
3431,Dovre,Hamar,8098.0,8098.0,61.1,2027-07-08,2032-02-20
3432,Lesja,Hamar,6501.0,6501.0,65.88,2027-04-22,2031-06-30
3433,Skjåk,Hamar,5069.0,5069.0,56.62,2027-11-05,2032-09-02
3434,Lom,Hamar,6259.0,6259.0,58.5,2027-09-20,2032-07-15
3435,Vågå,Hamar,10194.0,10194.0,59.75,2027-08-26,2032-06-30
3436,Nord-Fron,Hamar,12207.0,12207.0,61.88,2027-06-14,2032-01-15
3437,Sel,Hamar,14777.0,14777.0,60.8,2027-08-02,2032-05-20
3438,Sør-Fron,Hamar,7916.0,7916.0,41.98,2027-11-23,2032-09-17
3439,Ringebu,Hamar,18435.0,18435.0,86.35,2026-06-05,2027-06-24
3440,Øyer,Hamar,10070.0,10070.0,47.7,2026-09-11,2028-11-06
3441,Gausdal,Hamar,12287.0,12287.0,69.3,2026-07-03,2027-11-04
3442,Østre Toten,Hamar,4326.0,4326.0,29.68,2027-01-29,2030-08-13
3443,Vestre Toten,Hamar,3356.0,3356.0,15.1,2027-02-04,2030-09-12
3446,Gran,Hamar,8906.0,8906.0,37.38,2026-10-14,2029-03-30
3447,Søndre Land,Hamar,7653.0,7653.0,39.23,2027-01-18,2030-06-11
3448,Nordre Land,Hamar,12435.0,12435.0,66.15,2027-03-25,2031-03-14
3449,Sør-Aurdal,Hamar,13249.0,13249.0,66.2,2026-07-31,2028-05-22
3450,Etnedal,Hamar,6276.0,6276.0,28.2,2028-01-04,2032-10-12
3451,Nord-Aurdal,Hamar,13002.0,13002.0,58.08,2027-10-13,2032-08-18
3452,Vestre Slidre,Hamar,11716.0,11716.0,36.1,2026-10-29,2029-05-31
3453,Øystre Slidre,Hamar,7995.0,7995.0,43.17,2026-09-29,2029-02-02
3454,Vang,Hamar,8187.0,8187.0,53.42,2026-08-24,2028-08-03
3901,Horten,Skien,2273.0,2273.0,5.5,2027-05-14,2031-10-08
3903,Holmestrand,Skien,8664.0,8664.0,32.8,2027-04-14,2031-05-30
3905,Tønsberg,Skien,10065.0,10065.0,27.35,2027-04-21,2031-06-23
3907,Sandefjord,Skien,13753.0,13753.0,36.35,2027-04-06,2031-05-05
3909,Larvik,Skien,20251.0,20251.0,59.2,2027-02-10,2030-10-10
3911,Færder,Skien,5132.0,5132.0,9.43,2027-05-13,2031-10-07
4001,Porsgrunn,Skien,7351.0,7351.0,17.35,2027-05-07,2031-09-18
4003,Skien,Skien,11644.0,11644.0,47.6,2027-03-08,2030-12-19
4005,Notodden,Skien,8977.0,8977.0,46.1,2026-06-04,2027-05-06
4010,Siljan,Skien,2674.0,2674.0,13.18,2026-07-15,2027-12-31
4012,Bamble,Skien,5868.0,5868.0,16.25,2027-05-12,2031-09-24
4014,Kragerø,Skien,8153.0,8153.0,20.82,2027-05-03,2031-08-22
4016,Drangedal,Skien,9597.0,9597.0,49.02,2027-02-23,2030-11-19
4018,Nome,Skien,4661.0,4661.0,22.27,2027-04-28,2031-08-11
4020,Midt-Telemark,Skien,9207.0,0.0,0.0,2026-05-01,2026-10-08
4022,Seljord,Skien,9972.0,9972.0,41.08,2026-06-16,2027-08-03
4024,Hjartdal,Skien,8171.0,8171.0,35.85,2026-06-24,2027-09-14
4026,Tinn,Skien,13385.0,13385.0,88.33,2026-05-25,2027-02-25
4028,Kviteseid,Skien,5611.0,5611.0,30.62,2026-07-10,2027-12-16
4030,Nissedal,Skien,6540.0,6540.0,34.5,2026-07-03,2027-11-11
4032,Fyresdal,Skien,5047.0,5047.0,39.9,2027-03-29,2031-04-17
4034,Tokke,Skien,6401.0,6401.0,40.52,2027-03-17,2031-02-11
4036,Vinje,Skien,12380.0,12380.0,96.7,2027-01-26,2030-07-19
4201,Risør,Kristiansand,7458.0,7458.0,17.32,2026-08-06,2028-06-16
4202,Grimstad,Kristiansand,6512.0,6512.0,17.75,2026-07-30,2028-04-25
4203,Arendal,Kristiansand,18178.0,18178.0,31.55,2026-12-28,2030-03-26
4204,Kristiansand,Kristiansand,27939.0,27939.0,61.5,2026-12-02,2029-12-06
4205,Lindesnes,Kristiansand,30608.0,30608.0,84.33,2026-11-11,2029-09-18
4206,Farsund,Kristiansand,8160.0,8160.0,18.9,2026-07-24,2028-03-22
4207,Flekkefjord,Kristiansand,10002.0,10002.0,32.42,2026-09-24,2029-01-26
4211,Gjerstad,Kristiansand,5328.0,266.0,1.18,2026-08-12,2028-07-17
4212,Vegårshei,Kristiansand,8548.0,8548.0,28.88,2026-07-10,2027-12-24
4213,Tvedestrand,Kristiansand,8806.0,8806.0,21.9,2026-07-17,2028-02-04
4214,Froland,Kristiansand,6254.0,313.0,1.52,2026-08-12,2028-07-11
4215,Lillesand,Kristiansand,6111.0,6111.0,14.15,2026-08-11,2028-07-03
4216,Birkenes,Kristiansand,10577.0,10577.0,39.55,2026-07-01,2027-10-19
4217,Åmli,Kristiansand,8190.0,8190.0,47.7,2026-05-18,2027-01-28
4218,Iveland,Kristiansand,3446.0,689.0,3.01,2026-08-12,2028-07-05
4219,Evje og Hornnes,Kristiansand,7758.0,7758.0,30.07,2027-01-06,2030-04-10
4220,Bygland,Kristiansand,7574.0,7574.0,44.65,2026-06-17,2027-08-16
4221,Valle,Kristiansand,7136.0,7136.0,44.65,2026-09-14,2028-11-13
4222,Bykle,Kristiansand,4958.0,4958.0,34.7,2026-10-13,2029-03-22
4223,Vennesla,Kristiansand,10530.0,1053.0,3.04,2027-01-18,2030-06-20
4224,Åseral,Kristiansand,5558.0,5558.0,28.6,2027-01-15,2030-05-27
4225,Lyngdal,Kristiansand,13449.0,13449.0,41.27,2026-12-16,2030-02-08
4226,Hægebostad,Kristiansand,5244.0,0.0,0.0,2026-05-01,2026-10-13
4227,Kvinesdal,Kristiansand,10186.0,10186.0,44.85,2026-06-02,2027-04-28
4228,Sirdal,Kristiansand,8126.0,8126.0,46.8,2026-08-28,2028-09-11
4601,Bergen,Bergen,30466.0,30466.0,45.9,2027-04-23,2031-07-28
4602,Kinn,Bergen,9385.0,9385.0,34.0,2027-06-24,2032-02-05
4611,Etne,Bergen,10118.0,10118.0,37.42,2026-09-14,2028-11-22
4612,Sveio,Bergen,8328.0,8328.0,19.25,2027-07-22,2032-04-14
4613,Bømlo,Bergen,6759.0,2028.0,5.0,2027-07-27,2032-04-29
4614,Stord,Bergen,5301.0,5301.0,12.85,2027-07-26,2032-04-23
4615,Fitjar,Bergen,4648.0,0.0,0.0,2026-05-01,2026-10-19
4616,Tysnes,Bergen,7572.0,0.0,0.0,2026-05-01,2026-10-26
4617,Kvinnherad,Bergen,8939.0,8939.0,42.23,2026-08-25,2028-08-25
4618,Ullensvang,Bergen,18650.0,18650.0,107.65,2026-05-28,2027-04-19
4619,Eidfjord,Bergen,5017.0,5017.0,48.17,2026-08-13,2028-07-20
4620,Ulvik,Bergen,2743.0,2743.0,21.93,2026-10-12,2029-03-19
4621,Voss,Bergen,23191.0,23191.0,90.33,2026-07-15,2028-01-24
4622,Kvam,Bergen,11908.0,11908.0,37.67,2026-09-03,2028-10-09
4623,Samnanger,Bergen,2675.0,2675.0,11.43,2026-10-27,2029-05-22
4624,Bjørnafjorden,Bergen,10297.0,10297.0,29.98,2026-09-21,2028-12-28
4625,Austevoll,Bergen,2012.0,0.0,0.0,2026-05-01,2026-10-27
4626,Øygarden,Bergen,11226.0,11226.0,26.82,2026-10-06,2029-03-09
4627,Askøy,Bergen,5218.0,5218.0,10.93,2026-10-29,2029-06-06
4628,Vaksdal,Bergen,4528.0,4528.0,23.85,2027-03-19,2031-02-27
4629,Modalen,Bergen,1428.0,0.0,0.0,2026-05-01,2026-10-28
4630,Osterøy,Bergen,8960.0,8960.0,22.07,2027-03-25,2031-03-24
4631,Alver,Bergen,27783.0,27783.0,55.25,2027-03-15,2031-02-04
4632,Austrheim,Bergen,3305.0,3305.0,5.6,2026-11-02,2029-07-05
4633,Fedje,Bergen,778.0,0.0,0.0,2026-05-01,2026-10-28
4634,Masfjorden,Bergen,4590.0,4590.0,19.68,2027-03-31,2031-04-22
4635,Gulen,Bergen,4082.0,4082.0,18.23,2027-07-30,2032-05-04
4636,Solund,Bergen,1189.0,1189.0,6.62,2026-10-30,2029-07-03
4637,Hyllestad,Bergen,3011.0,3011.0,13.47,2026-10-22,2029-05-07
4638,Høyanger,Bergen,3476.0,3476.0,28.0,2027-07-16,2032-03-09
4639,Vik,Bergen,4624.0,4624.0,32.27,2027-07-02,2032-02-11
4640,Sogndal,Bergen,9640.0,9640.0,51.12,2027-04-12,2031-05-20
4641,Aurland,Bergen,4599.0,4599.0,43.9,2027-05-17,2031-10-13
4642,Lærdal,Bergen,3598.0,3598.0,35.95,2027-06-16,2032-01-23
4643,Årdal,Bergen,2758.0,2758.0,27.85,2026-09-29,2029-02-06
4644,Luster,Bergen,6200.0,4650.0,56.72,2026-07-30,2028-05-01
4645,Askvoll,Bergen,4575.0,4575.0,17.12,2026-10-20,2029-04-17
4646,Fjaler,Bergen,3672.0,3672.0,17.7,2026-10-15,2029-04-09
4647,Sunnfjord,Bergen,22959.0,22959.0,95.4,2026-06-23,2027-09-06
4648,Bremanger,Bergen,4648.0,4648.0,28.05,2027-07-09,2032-02-27
4649,Stad,Bergen,12853.0,12853.0,43.77,2027-05-27,2031-11-26
4650,Gloppen,Bergen,7841.0,7841.0,36.75,2027-06-07,2031-12-25
4651,Stryn,Bergen,7377.0,7377.0,45.88,2027-05-05,2031-08-29
5001,Trondheim - Tråante,Trondheim,20525.0,20525.0,44.65,2026-09-04,2028-10-26
5006,Steinkjer,Trondheim,15485.0,0.0,0.0,2026-05-01,2026-11-12
5007,Namsos - Nåavmesjenjaelmie,Trondheim,9057.0,0.0,0.0,2026-05-01,2026-11-20
5014,Frøya,Trondheim,6058.0,0.0,0.0,2026-05-01,2026-11-26
5020,Osen,Trondheim,2487.0,0.0,0.0,2026-05-01,2026-11-27
5021,Oppdal,Trondheim,37049.0,37049.0,115.33,2026-05-25,2027-04-01
5022,Rennebu,Trondheim,9074.0,0.0,0.0,2026-05-01,2026-12-08
5025,Rosse - Røros,Trondheim,11912.0,11912.0,76.92,2026-06-15,2027-07-23
5026,Holtålen,Trondheim,6292.0,6292.0,42.38,2026-10-01,2029-02-12
5027,Midtre Gauldal,Trondheim,13652.0,13652.0,74.03,2027-01-26,2030-08-01
5028,Melhus,Trondheim,7720.0,7720.0,35.88,2027-02-03,2030-09-10
5029,Skaun,Trondheim,4079.0,4079.0,15.6,2027-02-05,2030-09-20
5031,Malvik,Trondheim,3146.0,0.0,0.0,2026-05-01,2026-12-10
5032,Selbu,Trondheim,6104.0,6104.0,41.8,2026-10-09,2029-03-15
5033,Tydal,Trondheim,9999.0,9999.0,48.27,2026-08-10,2028-06-27
5034,Meråker,Trondheim,7116.0,7116.0,45.45,2026-08-19,2028-07-27
5035,Stjørdal,Trondheim,13808.0,13808.0,56.75,2026-07-21,2028-03-07
5036,Frosta,Trondheim,2623.0,0.0,0.0,2026-05-01,2026-12-11
5037,Levanger,Trondheim,12304.0,0.0,0.0,2026-05-01,2026-12-24
5038,Verdal,Trondheim,9686.0,7264.0,42.62,2026-09-23,2029-01-17
5041,Snåase - Snåsa,Trondheim,5861.0,5861.0,61.65,2026-06-26,2027-10-08
5042,Lierne,Trondheim,2972.0,2972.0,61.23,2026-07-09,2027-12-10
5043,Raarvihke - Røyrvik,Trondheim,772.0,772.0,25.9,2026-11-09,2029-08-09
5044,Namsskogan,Trondheim,2245.0,2245.0,31.23,2026-10-23,2029-05-18
5045,Grong,Trondheim,4904.0,4904.0,38.55,2026-10-16,2029-04-12
5046,Høylandet,Trondheim,2199.0,2199.0,19.52,2026-11-23,2029-10-22
5047,Overhalla,Trondheim,3968.0,3968.0,25.32,2026-11-13,2029-09-28
5049,Flatanger,Trondheim,1418.0,1390.0,11.52,2026-11-25,2029-10-26
5052,Leka,Trondheim,743.0,0.0,0.0,2026-05-01,2026-12-24
5053,Inderøy,Trondheim,7306.0,7306.0,26.45,2026-11-04,2029-08-06
5054,Indre Fosen,Trondheim,9918.0,9918.0,54.0,2026-07-30,2028-05-10
5055,Heim,Trondheim,10013.0,10013.0,44.5,2026-09-15,2028-12-19
5056,Hitra,Trondheim,8759.0,8759.0,30.48,2026-10-29,2029-06-14
5057,Ørland,Trondheim,3888.0,0.0,0.0,2026-05-01,2026-12-29
5058,Åfjord,Trondheim,8387.0,8387.0,45.17,2026-08-27,2028-09-04
5059,Orkland,Trondheim,21540.0,21540.0,86.28,2027-01-12,2030-05-08
5060,Nærøysund,Trondheim,7867.0,7867.0,44.33,2026-05-01,2027-01-05
5061,Rindal,Trondheim,4368.0,4368.0,25.32,2026-11-18,2029-10-03
5501,Tromsø,Tromsø,27947.0,27947.0,95.4,2027-08-19,2032-06-18
5503,Harstad - Hárstták,Tromsø,16861.0,16861.0,40.92,2027-09-20,2032-07-30
5510,Kvæfjord,Tromsø,5849.0,0.0,0.0,2026-05-01,2027-01-11
5512,Dielddanuorri - Tjeldsund,Tromsø,8058.0,8058.0,36.4,2027-05-28,2031-12-18
5514,Ibestad,Tromsø,3259.0,3259.0,13.03,2027-07-16,2032-03-11
5516,Gratangen,Tromsø,2092.0,2092.0,11.72,2027-09-29,2032-08-04
5518,Loabák - Lavangen,Tromsø,1546.0,1546.0,10.75,2027-10-01,2032-08-05
5520,Bardu,Tromsø,6502.0,6502.0,65.9,2027-09-08,2032-07-09
5522,Salangen,Tromsø,2841.0,2841.0,17.9,2027-09-24,2032-08-03
5524,Målselv,Tromsø,14811.0,1481.0,10.74,2027-07-20,2032-03-25
5526,Sørreisa,Tromsø,3369.0,3369.0,15.8,2027-07-08,2032-02-24
5528,Dyrøy,Tromsø,1965.0,196.0,1.14,2027-07-22,2032-04-19
5530,Senja,Tromsø,17646.0,17646.0,78.58,2027-02-16,2030-11-07
5532,Balsfjord,Tromsø,13047.0,1305.0,6.89,2027-07-21,2032-04-07
5534,Karlsøy,Tromsø,5355.0,5355.0,37.6,2027-05-18,2031-10-28
5536,Lyngen,Tromsø,4562.0,4562.0,27.2,2027-06-22,2032-01-28
5538,Storfjord - Omasvuotna - Omasvuono,Tromsø,3674.0,0.0,0.0,2026-05-01,2027-01-13
5540,Gáivuotna - Kåfjord - Kaivuono,Tromsø,2539.0,0.0,0.0,2026-05-01,2027-01-15
5542,Skjervøy,Tromsø,2218.0,222.0,1.65,2027-07-22,2032-04-16
5544,Nordreisa - Ráisa - Raisi,Tromsø,4821.0,4821.0,79.72,2027-01-25,2030-07-09
5546,Kvænangen,Tromsø,4328.0,4328.0,48.92,2027-04-12,2031-05-22
5601,Alta,Tromsø,17457.0,16759.0,109.44,2026-11-03,2029-07-30
5603,Hammerfest - Hámmerfeasta,Tromsø,6601.0,6601.0,67.05,2027-03-08,2030-12-25
5605,Sør-Varanger,Tromsø,7082.0,7082.0,92.2,2026-12-31,2030-04-02
5607,Vadsø,Tromsø,5170.0,5170.0,42.7,2027-05-06,2031-09-03
5610,Kárášjohka - Karasjok,Tromsø,8565.0,8565.0,144.53,2026-08-31,2028-09-27
5612,Guovdageaidnu - Kautokeino,Tromsø,19267.0,19267.0,268.95,2026-07-20,2028-02-23
5614,Loppa,Tromsø,1446.0,1446.0,17.45,2027-07-02,2032-02-12
5616,Hasvik,Tromsø,1313.0,1313.0,14.1,2027-07-13,2032-03-01
5618,Måsøy,Tromsø,1802.0,1802.0,27.93,2027-06-14,2032-01-16
5620,Nordkapp,Tromsø,1716.0,1716.0,24.52,2027-06-29,2032-02-06
5622,Porsanger - Porsáŋgu - Porsanki,Tromsø,9568.0,9568.0,131.07,2027-06-08,2032-01-05
5624,Lebesby,Tromsø,3191.0,3191.0,66.8,2027-03-26,2031-03-26
5626,Gamvik,Tromsø,945.0,0.0,0.0,2026-05-01,2027-01-18
5628,Deatnu - Tana,Tromsø,9359.0,9359.0,109.08,2026-12-03,2029-12-14
5630,Berlevåg,Tromsø,1390.0,0.0,0.0,2026-05-01,2027-01-19
5632,Båtsfjord,Tromsø,1337.0,0.0,0.0,2026-05-01,2027-01-19
5634,Vardø,Tromsø,1053.0,0.0,0.0,2026-05-01,2027-01-20
5636,Unjárga - Nesseby,Tromsø,3635.0,3635.0,45.45,2027-04-23,2031-07-31
