Scenario,KomNr,N_Iterasjoner,Dager_P5,Dager_P50,Dager_P95
Basis_85,0301,500,961,1819,2730
Basis_85,1101,500,615,978,1392
Basis_85,1103,500,444,753,1167
Basis_85,1106,500,1447,2270,3010
Basis_85,1108,500,1349,2113,2817
Basis_85,1111,500,626,984,1411
Basis_85,1112,500,618,984,1403
Basis_85,1114,500,614,971,1398
Basis_85,1119,500,447,766,1172
Basis_85,1120,500,579,943,1358
Basis_85,1121,500,487,832,1235
Basis_85,1122,500,401,678,1076
Basis_85,1124,500,1452,2271,3003
Basis_85,1127,500,1461,2277,3009
Basis_85,1130,500,495,824,1237
Basis_85,1133,500,346,571,930
Basis_85,1134,500,286,454,699
Basis_85,1135,500,488,820,1237
Basis_85,1144,500,1461,2283,3013
Basis_85,1145,500,1458,2280,3007
Basis_85,1146,500,1404,2196,2911
Basis_85,1149,500,1440,2223,2952
Basis_85,1151,500,1461,2283,3013
Basis_85,1160,500,1354,2165,2894
Basis_85,1505,500,678,1075,1463
Basis_85,1506,498,576,2664,3645
Basis_85,1508,499,1371,2632,3515
Basis_85,1511,500,4,5,7
Basis_85,1514,500,5,7,11
Basis_85,1515,500,10,13,18
Basis_85,1516,500,11,17,21
Basis_85,1517,500,12,19,25
Basis_85,1520,500,19,28,39
Basis_85,1525,500,1494,2627,3528
Basis_85,1528,500,1721,2683,3617
Basis_85,1531,500,21,33,45
Basis_85,1532,500,24,35,47
Basis_85,1535,498,1811,2805,3707
Basis_85,1539,500,31,46,61
Basis_85,1547,500,682,1083,1482
Basis_85,1554,500,636,1042,1427
Basis_85,1557,500,590,960,1357
Basis_85,1560,500,569,944,1298
Basis_85,1563,500,328,566,3191
Basis_85,1566,500,332,606,977
Basis_85,1573,500,32,48,66
Basis_85,1576,500,508,874,1272
Basis_85,1577,500,39,60,77
Basis_85,1578,500,419,2303,3454
Basis_85,1579,500,445,821,1204
Basis_85,1580,500,1704,2685,3618
Basis_85,1804,494,701,1379,2942
Basis_85,1806,500,394,655,1328
Basis_85,1811,500,1315,2029,2740
Basis_85,1812,500,1557,2447,3211
Basis_85,1813,500,1104,1947,2727
Basis_85,1815,500,1585,2498,3318
Basis_85,1816,500,1515,2399,3143
Basis_85,1818,500,1592,2530,3329
Basis_85,1820,500,1536,2424,3245
Basis_85,1822,439,1864,3360,4253
Basis_85,1824,500,563,1282,2045
Basis_85,1825,500,838,1583,2226
Basis_85,1826,500,615,1225,1921
Basis_85,1827,426,2303,3494,4269
Basis_85,1828,426,2309,3494,4267
Basis_85,1832,418,2317,3511,4262
Basis_85,1833,420,2314,3506,4273
Basis_85,1834,417,2323,3518,4262
Basis_85,1835,500,1607,2531,3331
Basis_85,1836,446,1741,3100,4241
Basis_85,1837,418,2322,3516,4268
Basis_85,1838,461,1621,2863,4170
Basis_85,1839,499,1151,1965,3027
Basis_85,1840,500,485,1194,1865
Basis_85,1841,475,1085,1981,3988
Basis_85,1845,486,1081,1945,3929
Basis_85,1848,500,1126,1976,2728
Basis_85,1851,500,1504,2354,3174
Basis_85,1853,500,1473,2371,3175
Basis_85,1856,500,1607,2531,3331
Basis_85,1857,500,1607,2531,3331
Basis_85,1859,500,1565,2477,3283
Basis_85,1860,500,1308,2202,3010
Basis_85,1865,500,1382,2258,3085
Basis_85,1866,500,1257,2131,2996
Basis_85,1867,500,1546,2458,3259
Basis_85,1868,500,40,62,83
Basis_85,1870,500,1229,2080,2936
Basis_85,1871,500,1025,1920,2666
Basis_85,1874,500,1606,2524,3329
Basis_85,1875,500,815,1502,2231
Basis_85,3101,500,52,80,105
Basis_85,3103,500,1557,2470,3338
Basis_85,3105,500,1291,2131,3043
Basis_85,3107,500,1257,2193,3074
Basis_85,3110,500,1609,2520,3436
Basis_85,3112,500,53,82,110
Basis_85,3114,500,1457,2364,3282
Basis_85,3116,500,1622,2557,3462
Basis_85,3118,500,845,1776,2720
Basis_85,3120,500,1623,2562,3469
Basis_85,3122,500,55,87,115
Basis_85,3124,500,56,88,117
Basis_85,3201,498,1801,2822,3752
Basis_85,3203,498,1770,2800,3717
Basis_85,3205,500,1213,2116,2971
Basis_85,3207,500,62,97,130
Basis_85,3209,500,1487,2342,3141
Basis_85,3212,500,66,102,136
Basis_85,3214,500,69,108,143
Basis_85,3216,500,74,112,151
Basis_85,3218,500,75,117,157
Basis_85,3220,500,80,123,164
Basis_85,3222,500,1620,2542,3448
Basis_85,3224,500,82,129,171
Basis_85,3226,500,775,1628,2510
Basis_85,3228,500,1147,1950,2896
Basis_85,3230,500,83,130,173
Basis_85,3232,500,1493,2360,3262
Basis_85,3234,500,89,138,182
Basis_85,3236,500,91,143,189
Basis_85,3238,500,96,150,196
Basis_85,3240,500,101,157,208
Basis_85,3242,500,104,164,216
Basis_85,3301,500,1292,2175,3015
Basis_85,3303,500,621,1536,2499
Basis_85,3305,500,457,973,2020
Basis_85,3310,500,108,167,222
Basis_85,3312,500,1385,2277,3158
Basis_85,3314,500,1259,2145,3055
Basis_85,3316,500,1068,1993,2869
Basis_85,3318,500,115,179,236
Basis_85,3320,500,1243,2065,2841
Basis_85,3322,500,859,1766,2630
Basis_85,3324,500,1019,1921,2771
Basis_85,3326,500,1133,2011,2790
Basis_85,3328,500,578,1395,2279
Basis_85,3330,500,676,1415,2328
Basis_85,3332,500,752,1630,2558
Basis_85,3334,500,124,193,255
Basis_85,3336,500,1475,2403,3238
Basis_85,3338,500,445,950,1929
Basis_85,3401,500,1048,1632,2258
Basis_85,3403,446,2234,3436,4234
Basis_85,3405,478,2044,3180,4069
Basis_85,3407,480,2090,3197,4080
Basis_85,3411,449,2218,3420,4218
Basis_85,3412,446,2234,3430,4231
Basis_85,3413,500,1049,1642,2259
Basis_85,3414,500,126,196,262
Basis_85,3415,500,131,206,272
Basis_85,3416,500,137,213,283
Basis_85,3417,500,140,217,290
Basis_85,3418,500,145,227,300
Basis_85,3419,446,2232,3426,4216
Basis_85,3420,453,2224,3419,4248
Basis_85,3421,453,2200,3401,4223
Basis_85,3422,455,2184,3366,4196
Basis_85,3423,466,2135,3318,4155
Basis_85,3424,499,1374,2145,3077
Basis_85,3425,465,2142,3315,4163
Basis_85,3426,463,2147,3332,4167
Basis_85,3427,494,1503,2507,3660
Basis_85,3428,489,1697,2764,3905
Basis_85,3429,465,2155,3331,4169
Basis_85,3430,462,2155,3337,4175
Basis_85,3431,496,1691,2819,3995
Basis_85,3432,495,1638,2708,3849
Basis_85,3433,496,1805,2877,3995
Basis_85,3434,494,1836,2812,3972
Basis_85,3435,491,1753,2931,3919
Basis_85,3436,489,1713,2729,3834
Basis_85,3437,490,1728,2840,3939
Basis_85,3438,479,1977,3106,4025
Basis_85,3439,500,426,829,1568
Basis_85,3440,500,655,1344,2033
Basis_85,3441,500,482,1039,1790
Basis_85,3442,498,1596,2832,3757
Basis_85,3443,498,1844,2883,3792
Basis_85,3446,500,776,1467,2125
Basis_85,3447,498,867,2728,3702
Basis_85,3448,489,1997,3066,3966
Basis_85,3449,500,486,1139,1764
Basis_85,3450,475,2099,3251,4115
Basis_85,3451,492,1750,2868,3847
Basis_85,3452,500,695,1463,2113
Basis_85,3453,500,677,1379,2042
Basis_85,3454,500,556,1241,1873
Basis_85,3901,485,2043,3169,4146
Basis_85,3903,491,1935,3055,3981
Basis_85,3905,488,1994,3068,3989
Basis_85,3907,492,1958,3043,3968
Basis_85,3909,493,1915,2979,3898
Basis_85,3911,485,2032,3167,4100
Basis_85,4001,488,2003,3132,4076
Basis_85,4003,495,1933,3007,3951
Basis_85,4005,500,359,638,969
Basis_85,4010,500,536,843,1238
Basis_85,4012,488,2021,3132,4101
Basis_85,4014,489,1972,3083,4048
Basis_85,4016,496,1911,2999,3964
Basis_85,4018,489,1996,3107,4065
Basis_85,4020,500,153,238,318
Basis_85,4022,500,377,642,1020
Basis_85,4024,500,423,704,1104
Basis_85,4026,500,297,463,720
Basis_85,4028,500,443,736,1130
Basis_85,4030,500,409,699,1095
Basis_85,4032,492,1948,3013,3959
Basis_85,4034,493,1933,3009,3946
Basis_85,4036,497,1865,2901,3842
Basis_85,4201,500,591,1013,1453
Basis_85,4202,500,580,999,1427
Basis_85,4203,500,1538,2453,3316
Basis_85,4204,500,1487,2335,3143
Basis_85,4205,500,1433,2259,3071
Basis_85,4206,500,566,971,1428
Basis_85,4207,500,898,1419,1911
Basis_85,4211,500,720,1142,1567
Basis_85,4212,500,422,838,1349
Basis_85,4213,500,507,949,1420
Basis_85,4214,500,718,1137,1568
Basis_85,4215,500,629,1049,1484
Basis_85,4216,500,381,698,1217
Basis_85,4217,500,319,598,1041
Basis_85,4218,500,710,1126,1547
Basis_85,4219,500,1577,2476,3291
Basis_85,4220,500,341,620,1104
Basis_85,4221,500,873,1368,1848
Basis_85,4222,500,1284,2036,2698
Basis_85,4223,500,1637,2558,3391
Basis_85,4224,500,1594,2468,3289
Basis_85,4225,500,1522,2399,3274
Basis_85,4226,500,158,245,327
Basis_85,4227,500,346,638,1104
Basis_85,4228,500,848,1350,1854
Basis_85,4601,464,1593,3235,4184
Basis_85,4602,469,1094,3119,4171
Basis_85,4611,500,867,1544,2175
Basis_85,4612,450,2226,3380,4206
Basis_85,4613,444,2240,3411,4213
Basis_85,4614,447,2226,3395,4209
Basis_85,4615,500,163,252,335
Basis_85,4616,500,170,263,349
Basis_85,4617,500,881,1480,2119
Basis_85,4618,500,388,691,1299
Basis_85,4619,500,749,1398,2036
Basis_85,4620,500,1103,1740,2295
Basis_85,4621,500,446,855,1551
Basis_85,4622,500,891,1558,2170
Basis_85,4623,500,1167,1835,2407
Basis_85,4624,500,979,1656,2258
Basis_85,4625,500,171,265,353
Basis_85,4626,500,965,1662,2313
Basis_85,4627,500,1172,1820,2427
Basis_85,4628,487,2059,3156,4084
Basis_85,4629,500,172,269,355
Basis_85,4630,486,2037,3182,4098
Basis_85,4631,489,2022,3141,4068
Basis_85,4632,500,1187,1870,2437
Basis_85,4633,500,173,269,356
Basis_85,4634,485,2049,3174,4089
Basis_85,4635,486,2077,3169,4113
Basis_85,4636,500,1174,1854,2462
Basis_85,4637,500,1152,1806,2408
Basis_85,4638,464,1658,3293,4209
Basis_85,4639,470,1199,3161,4166
Basis_85,4640,492,654,1380,3978
Basis_85,4641,488,890,1861,4061
Basis_85,4642,472,1103,3114,4148
Basis_85,4643,500,1041,1670,2261
Basis_85,4644,495,585,1279,3640
Basis_85,4645,500,1117,1789,2366
Basis_85,4646,500,1150,1775,2380
Basis_85,4647,500,401,782,1455
Basis_85,4648,463,1350,3248,4157
Basis_85,4649,480,741,1929,4031
Basis_85,4650,475,976,3057,4165
Basis_85,4651,487,824,1678,4012
Basis_85,5001,500,647,1355,2093
Basis_85,5006,500,187,291,385
Basis_85,5007,500,195,304,403
Basis_85,5014,500,200,312,413
Basis_85,5020,500,202,314,418
Basis_85,5021,500,362,602,1294
Basis_85,5022,500,210,327,434
Basis_85,5025,500,423,871,1629
Basis_85,5026,500,824,1411,2056
Basis_85,5027,499,472,2652,3683
Basis_85,5028,498,1776,2859,3806
Basis_85,5029,498,1849,2897,3820
Basis_85,5031,500,214,332,440
Basis_85,5032,500,803,1413,2077
Basis_85,5033,500,718,1312,1918
Basis_85,5034,500,774,1349,1984
Basis_85,5035,500,514,1126,1889
Basis_85,5036,500,215,335,445
Basis_85,5037,500,227,353,468
Basis_85,5038,500,738,1385,2042
Basis_85,5041,500,509,1048,1684
Basis_85,5042,500,577,1052,1553
Basis_85,5043,500,1094,1678,2272
Basis_85,5044,500,972,1604,2147
Basis_85,5045,500,858,1456,2035
Basis_85,5046,500,1133,1752,2365
Basis_85,5047,500,1061,1672,2306
Basis_85,5049,500,1167,1788,2429
Basis_85,5052,500,228,354,469
Basis_85,5053,500,1026,1658,2330
Basis_85,5054,500,572,1184,1903
Basis_85,5055,500,734,1347,2127
Basis_85,5056,500,887,1604,2224
Basis_85,5057,500,230,360,476
Basis_85,5058,500,702,1349,1989
Basis_85,5059,498,373,2387,3560
Basis_85,5060,500,237,370,490
Basis_85,5061,500,1018,1688,2278
Basis_85,5501,428,2304,3479,4253
Basis_85,5503,499,1837,2820,3736
Basis_85,5510,500,243,377,502
Basis_85,5512,500,1606,2509,3430
Basis_85,5514,500,1738,2672,3554
Basis_85,5516,497,1878,2866,3772
Basis_85,5518,497,1875,2853,3772
Basis_85,5520,500,1807,2783,3686
Basis_85,5522,497,1863,2842,3742
Basis_85,5524,500,1735,2688,3580
Basis_85,5526,500,1720,2644,3535
Basis_85,5528,500,1754,2722,3610
Basis_85,5530,500,1222,2066,3057
Basis_85,5532,500,1749,2715,3602
Basis_85,5534,500,1605,2502,3399
Basis_85,5536,437,2284,3440,4226
Basis_85,5538,500,247,383,509
Basis_85,5540,500,249,388,514
Basis_85,5542,435,2286,3442,4228
Basis_85,5544,500,1293,2014,2835
Basis_85,5546,500,1564,2389,3290
Basis_85,5601,500,993,1762,2583
Basis_85,5603,500,1427,2164,3007
Basis_85,5605,500,1175,1912,2663
Basis_85,5607,500,1514,2459,3332
Basis_85,5610,500,839,1418,2191
Basis_85,5612,500,581,937,1489
Basis_85,5614,500,1700,2630,3511
Basis_85,5616,500,1717,2667,3541
Basis_85,5618,500,1679,2569,3463
Basis_85,5620,435,2283,3440,4220
Basis_85,5622,495,940,1515,2577
Basis_85,5624,500,1416,2178,3038
Basis_85,5626,500,250,388,515
Basis_85,5628,500,1005,1746,2551
Basis_85,5630,500,250,390,517
Basis_85,5632,500,251,391,521
Basis_85,5634,500,254,393,522
Basis_85,5636,500,1539,2409,3293
Middels_90,0301,500,480,1197,2015
Middels_90,1101,500,313,658,1013
Middels_90,1103,500,217,493,832
Middels_90,1106,500,737,1496,2245
Middels_90,1108,500,688,1403,2093
Middels_90,1111,500,319,662,1028
Middels_90,1112,500,318,656,1025
Middels_90,1114,500,317,650,1021
Middels_90,1119,500,221,522,882
Middels_90,1120,500,303,638,987
Middels_90,1121,500,256,552,894
Middels_90,1122,500,209,446,742
Middels_90,1124,500,734,1495,2240
Middels_90,1127,500,737,1502,2254
Middels_90,1130,500,248,531,885
Middels_90,1133,500,174,383,670
Middels_90,1134,500,151,313,528
Middels_90,1135,500,249,558,903
Middels_90,1144,500,737,1504,2265
Middels_90,1145,500,737,1502,2254
Middels_90,1146,500,725,1448,2161
Middels_90,1149,500,731,1473,2210
Middels_90,1151,500,738,1504,2259
Middels_90,1160,500,684,1429,2118
Middels_90,1505,500,353,717,1084
Middels_90,1506,500,350,1769,2733
Middels_90,1508,500,697,1735,2617
Middels_90,1511,500,3,4,5
Middels_90,1514,500,3,5,7
Middels_90,1515,500,4,10,13
Middels_90,1516,500,5,11,17
Middels_90,1517,500,6,12,19
Middels_90,1520,500,10,19,28
Middels_90,1525,500,555,1733,2596
Middels_90,1528,500,874,1769,2657
Middels_90,1531,500,11,21,33
Middels_90,1532,500,12,24,35
Middels_90,1535,500,894,1855,2779
Middels_90,1539,500,14,31,46
Middels_90,1547,500,354,724,1095
Middels_90,1554,500,325,691,1054
Middels_90,1557,500,312,645,1013
Middels_90,1560,500,272,631,964
Middels_90,1563,500,170,389,2279
Middels_90,1566,500,188,403,749
Middels_90,1573,500,16,33,48
Middels_90,1576,500,284,584,906
Middels_90,1577,500,19,40,59
Middels_90,1578,500,247,1524,2478
Middels_90,1579,500,233,525,888
Middels_90,1580,500,727,1756,2638
Middels_90,1804,500,328,908,1923
Middels_90,1806,500,205,438,851
Middels_90,1811,500,619,1354,2036
Middels_90,1812,500,789,1629,2432
Middels_90,1813,500,605,1286,2001
Middels_90,1815,500,801,1657,2464
Middels_90,1816,500,776,1570,2377
Middels_90,1818,500,816,1678,2477
Middels_90,1820,500,779,1596,2421
Middels_90,1822,498,996,2246,3477
Middels_90,1824,500,361,817,1477
Middels_90,1825,500,461,1040,1652
Middels_90,1826,500,276,755,1361
Middels_90,1827,498,1175,2400,3570
Middels_90,1828,498,1139,2411,3568
Middels_90,1832,498,1182,2427,3591
Middels_90,1833,498,1181,2423,3585
Middels_90,1834,498,1184,2433,3599
Middels_90,1835,500,816,1683,2499
Middels_90,1836,498,836,2104,3471
Middels_90,1837,498,1184,2431,3597
Middels_90,1838,498,796,1887,3438
Middels_90,1839,500,621,1255,2066
Middels_90,1840,500,297,781,1428
Middels_90,1841,498,557,1330,3055
Middels_90,1845,500,558,1289,2927
Middels_90,1848,500,608,1319,2027
Middels_90,1851,500,768,1573,2363
Middels_90,1853,500,752,1582,2370
Middels_90,1856,500,816,1681,2498
Middels_90,1857,500,816,1681,2498
Middels_90,1859,500,793,1629,2447
Middels_90,1860,500,662,1453,2225
Middels_90,1865,500,731,1502,2285
Middels_90,1866,500,629,1404,2177
Middels_90,1867,500,788,1631,2433
Middels_90,1868,500,20,41,62
Middels_90,1870,500,633,1364,2160
Middels_90,1871,500,544,1257,2000
Middels_90,1874,500,807,1676,2461
Middels_90,1875,500,408,977,1624
Middels_90,3101,500,25,53,77
Middels_90,3103,500,797,1616,2433
Middels_90,3105,500,633,1420,2260
Middels_90,3107,500,635,1427,2265
Middels_90,3110,500,804,1635,2462
Middels_90,3112,500,26,55,82
Middels_90,3114,500,758,1550,2386
Middels_90,3116,500,822,1655,2516
Middels_90,3118,500,432,1147,1928
Middels_90,3120,500,823,1656,2520
Middels_90,3122,500,27,56,84
Middels_90,3124,500,27,59,87
Middels_90,3201,500,912,1862,2779
Middels_90,3203,500,886,1849,2765
Middels_90,3205,500,626,1386,2229
Middels_90,3207,500,31,66,96
Middels_90,3209,500,726,1562,2377
Middels_90,3212,500,32,68,101
Middels_90,3214,500,34,73,105
Middels_90,3216,500,37,75,112
Middels_90,3218,500,38,77,117
Middels_90,3220,500,39,82,123
Middels_90,3222,500,821,1644,2503
Middels_90,3224,500,40,84,126
Middels_90,3226,500,377,1106,1847
Middels_90,3228,500,545,1308,2079
Middels_90,3230,500,41,87,129
Middels_90,3232,500,755,1576,2397
Middels_90,3234,500,45,91,137
Middels_90,3236,500,46,95,140
Middels_90,3238,500,47,98,147
Middels_90,3240,500,51,104,154
Middels_90,3242,500,52,109,161
Middels_90,3301,500,634,1394,2230
Middels_90,3303,500,317,1005,1775
Middels_90,3305,500,250,627,1391
Middels_90,3310,500,53,111,166
Middels_90,3312,500,713,1508,2302
Middels_90,3314,500,639,1440,2259
Middels_90,3316,500,541,1294,2058
Middels_90,3318,500,58,118,175
Middels_90,3320,500,607,1315,2099
Middels_90,3322,500,426,1138,1963
Middels_90,3324,500,558,1310,2085
Middels_90,3326,500,627,1341,2150
Middels_90,3328,500,359,939,1714
Middels_90,3330,500,312,907,1736
Middels_90,3332,500,375,1090,1860
Middels_90,3334,500,61,129,189
Middels_90,3336,500,781,1573,2345
Middels_90,3338,500,277,620,1407
Middels_90,3401,500,524,1082,1679
Middels_90,3403,499,1136,2345,3514
Middels_90,3405,500,1027,2129,3252
Middels_90,3407,500,1064,2143,3231
Middels_90,3411,499,1130,2322,3482
Middels_90,3412,499,1136,2344,3510
Middels_90,3413,500,529,1088,1678
Middels_90,3414,500,62,131,195
Middels_90,3415,500,66,137,202
Middels_90,3416,500,68,141,210
Middels_90,3417,500,69,145,216
Middels_90,3418,500,73,151,223
Middels_90,3419,499,1134,2341,3500
Middels_90,3420,499,1123,2329,3486
Middels_90,3421,500,1118,2309,3464
Middels_90,3422,500,1098,2294,3436
Middels_90,3423,500,1083,2237,3371
Middels_90,3424,500,677,1416,2212
Middels_90,3425,500,1082,2241,3378
Middels_90,3426,500,1080,2253,3385
Middels_90,3427,500,768,1688,2728
Middels_90,3428,500,858,1865,2965
Middels_90,3429,500,1087,2251,3384
Middels_90,3430,500,1089,2256,3400
Middels_90,3431,500,879,1811,2978
Middels_90,3432,500,863,1811,2934
Middels_90,3433,500,964,1920,2973
Middels_90,3434,500,923,1931,2988
Middels_90,3435,500,869,1893,3029
Middels_90,3436,500,918,1857,3006
Middels_90,3437,500,859,1900,3009
Middels_90,3438,500,982,2091,3201
Middels_90,3439,500,223,531,1160
Middels_90,3440,500,339,850,1456
Middels_90,3441,500,255,685,1281
Middels_90,3442,500,718,1866,2834
Middels_90,3443,500,921,1900,2869
Middels_90,3446,500,418,957,1578
Middels_90,3447,500,538,1803,2782
Middels_90,3448,500,978,2041,3027
Middels_90,3449,500,278,710,1284
Middels_90,3450,500,1061,2192,3287
Middels_90,3451,500,908,1924,3098
Middels_90,3452,500,440,976,1557
Middels_90,3453,500,409,920,1524
Middels_90,3454,500,314,824,1426
Middels_90,3901,500,1027,2107,3135
Middels_90,3903,500,993,2030,3015
Middels_90,3905,500,989,2049,3043
Middels_90,3907,500,986,2016,3008
Middels_90,3909,500,955,1966,2938
Middels_90,3911,500,1022,2105,3122
Middels_90,4001,500,1020,2078,3112
Middels_90,4003,500,968,1993,2963
Middels_90,4005,500,187,413,726
Middels_90,4010,500,262,575,938
Middels_90,4012,500,1020,2090,3097
Middels_90,4014,500,1004,2062,3086
Middels_90,4016,500,963,1979,2966
Middels_90,4018,500,1011,2051,3098
Middels_90,4020,500,76,159,236
Middels_90,4022,500,187,455,781
Middels_90,4024,500,198,465,809
Middels_90,4026,500,149,312,515
Middels_90,4028,500,222,509,853
Middels_90,4030,500,205,467,825
Middels_90,4032,500,970,2000,2979
Middels_90,4034,500,975,2001,3013
Middels_90,4036,500,930,1923,2882
Middels_90,4201,500,289,664,1061
Middels_90,4202,500,307,657,1084
Middels_90,4203,500,781,1655,2462
Middels_90,4204,500,778,1558,2359
Middels_90,4205,500,727,1521,2248
Middels_90,4206,500,293,643,1042
Middels_90,4207,500,457,930,1406
Middels_90,4211,500,381,759,1155
Middels_90,4212,500,242,572,950
Middels_90,4213,500,263,605,1005
Middels_90,4214,500,377,754,1152
Middels_90,4215,500,318,684,1081
Middels_90,4216,500,186,453,847
Middels_90,4217,500,165,378,721
Middels_90,4218,500,375,746,1144
Middels_90,4219,500,782,1639,2454
Middels_90,4220,500,174,405,773
Middels_90,4221,500,445,904,1383
Middels_90,4222,500,660,1349,2012
Middels_90,4223,500,829,1716,2533
Middels_90,4224,500,797,1654,2477
Middels_90,4225,500,766,1619,2413
Middels_90,4226,500,80,164,243
Middels_90,4227,500,177,410,763
Middels_90,4228,500,452,892,1363
Middels_90,4601,499,876,2202,3287
Middels_90,4602,500,571,2081,3262
Middels_90,4611,500,445,1010,1666
Middels_90,4612,499,1074,2267,3400
Middels_90,4613,499,1108,2307,3429
Middels_90,4614,499,1075,2286,3420
Middels_90,4615,500,81,168,250
Middels_90,4616,500,86,175,259
Middels_90,4617,500,459,984,1557
Middels_90,4618,500,193,432,893
Middels_90,4619,500,390,891,1469
Middels_90,4620,500,558,1151,1728
Middels_90,4621,500,235,551,1104
Middels_90,4622,500,487,1034,1645
Middels_90,4623,500,585,1212,1792
Middels_90,4624,500,521,1105,1650
Middels_90,4625,500,86,178,263
Middels_90,4626,500,523,1111,1712
Middels_90,4627,500,583,1211,1817
Middels_90,4628,500,1034,2098,3129
Middels_90,4629,500,87,179,265
Middels_90,4630,500,1045,2121,3150
Middels_90,4631,500,1019,2084,3114
Middels_90,4632,500,591,1237,1825
Middels_90,4633,500,87,179,266
Middels_90,4634,500,1027,2121,3163
Middels_90,4635,500,1024,2119,3183
Middels_90,4636,500,587,1234,1838
Middels_90,4637,500,565,1197,1803
Middels_90,4638,499,920,2205,3363
Middels_90,4639,499,605,2133,3322
Middels_90,4640,500,387,969,2839
Middels_90,4641,499,486,1263,3081
Middels_90,4642,499,613,1942,3199
Middels_90,4643,500,527,1109,1698
Middels_90,4644,500,343,827,2637
Middels_90,4645,500,556,1174,1760
Middels_90,4646,500,564,1178,1764
Middels_90,4647,500,216,522,1110
Middels_90,4648,499,892,2226,3337
Middels_90,4649,500,396,1253,3119
Middels_90,4650,500,523,1980,3238
Middels_90,4651,499,435,1091,2944
Middels_90,5001,500,352,896,1561
Middels_90,5006,500,94,194,287
Middels_90,5007,500,97,202,300
Middels_90,5014,500,101,208,308
Middels_90,5020,500,102,209,312
Middels_90,5021,500,195,404,790
Middels_90,5022,500,107,217,325
Middels_90,5025,500,216,571,1133
Middels_90,5026,500,422,911,1413
Middels_90,5027,500,282,1680,2691
Middels_90,5028,500,824,1874,2835
Middels_90,5029,500,922,1904,2859
Middels_90,5031,500,108,221,328
Middels_90,5032,500,416,920,1473
Middels_90,5033,500,331,867,1460
Middels_90,5034,500,373,899,1432
Middels_90,5035,500,289,766,1321
Middels_90,5036,500,109,223,333
Middels_90,5037,500,114,235,349
Middels_90,5038,500,394,927,1502
Middels_90,5041,500,290,679,1169
Middels_90,5042,500,314,645,1173
Middels_90,5043,500,542,1119,1679
Middels_90,5044,500,530,1053,1573
Middels_90,5045,500,425,949,1536
Middels_90,5046,500,556,1162,1741
Middels_90,5047,500,542,1111,1706
Middels_90,5049,500,580,1194,1756
Middels_90,5052,500,115,236,349
Middels_90,5053,500,479,1082,1680
Middels_90,5054,500,318,808,1449
Middels_90,5055,500,401,897,1483
Middels_90,5056,500,500,1054,1596
Middels_90,5057,500,116,238,355
Middels_90,5058,500,415,879,1456
Middels_90,5059,500,219,1330,2733
Middels_90,5060,500,121,245,367
Middels_90,5061,500,534,1120,1671
Middels_90,5501,499,1171,2406,3563
Middels_90,5503,500,901,1887,2833
Middels_90,5510,500,122,251,375
Middels_90,5512,500,808,1674,2510
Middels_90,5514,500,865,1777,2638
Middels_90,5516,500,905,1923,2852
Middels_90,5518,500,907,1922,2860
Middels_90,5520,500,893,1853,2798
Middels_90,5522,500,902,1915,2848
Middels_90,5524,500,864,1789,2665
Middels_90,5526,500,842,1778,2624
Middels_90,5528,500,873,1809,2705
Middels_90,5530,500,612,1370,2188
Middels_90,5532,500,873,1804,2700
Middels_90,5534,500,804,1666,2512
Middels_90,5536,499,1149,2359,3519
Middels_90,5538,500,124,256,378
Middels_90,5540,500,124,257,383
Middels_90,5542,499,1149,2364,3521
Middels_90,5544,500,632,1355,2044
Middels_90,5546,500,766,1621,2412
Middels_90,5601,500,489,1166,1911
Middels_90,5603,500,711,1460,2210
Middels_90,5605,500,599,1272,1966
Middels_90,5607,500,795,1636,2449
Middels_90,5610,500,431,952,1510
Middels_90,5612,500,286,631,1036
Middels_90,5614,500,852,1762,2624
Middels_90,5616,500,856,1770,2667
Middels_90,5618,500,822,1737,2546
Middels_90,5620,499,1145,2362,3487
Middels_90,5622,500,466,1051,1839
Middels_90,5624,500,703,1475,2231
Middels_90,5626,500,125,258,384
Middels_90,5628,500,532,1165,1840
Middels_90,5630,500,125,259,385
Middels_90,5632,500,128,262,388
Middels_90,5634,500,128,263,389
Middels_90,5636,500,779,1634,2476
Samferdsel_96,0301,500,109,423,1165
Samferdsel_96,1101,500,61,234,595
Samferdsel_96,1103,500,46,173,494
Samferdsel_96,1106,500,179,536,1307
Samferdsel_96,1108,500,166,495,1228
Samferdsel_96,1111,500,61,236,600
Samferdsel_96,1112,500,61,235,595
Samferdsel_96,1114,500,61,230,593
Samferdsel_96,1119,500,46,181,508
Samferdsel_96,1120,500,60,227,584
Samferdsel_96,1121,500,49,200,537
Samferdsel_96,1122,500,38,153,419
Samferdsel_96,1124,500,179,530,1307
Samferdsel_96,1127,500,179,537,1309
Samferdsel_96,1130,500,52,201,502
Samferdsel_96,1133,500,35,143,357
Samferdsel_96,1134,500,28,112,313
Samferdsel_96,1135,500,52,200,532
Samferdsel_96,1144,500,180,537,1309
Samferdsel_96,1145,500,179,536,1307
Samferdsel_96,1146,500,173,520,1280
Samferdsel_96,1149,500,173,528,1281
Samferdsel_96,1151,500,180,538,1309
Samferdsel_96,1160,500,165,503,1243
Samferdsel_96,1505,500,67,252,626
Samferdsel_96,1506,500,209,581,1611
Samferdsel_96,1508,500,222,606,1554
Samferdsel_96,1511,500,0,0,4
Samferdsel_96,1514,500,0,3,5
Samferdsel_96,1515,500,0,4,7
Samferdsel_96,1516,500,0,4,10
Samferdsel_96,1517,500,0,5,11
Samferdsel_96,1520,500,3,6,18
Samferdsel_96,1525,500,220,596,1520
Samferdsel_96,1528,500,229,635,1582
Samferdsel_96,1531,500,3,7,19
Samferdsel_96,1532,500,3,7,20
Samferdsel_96,1535,500,252,660,1644
Samferdsel_96,1539,500,4,11,27
Samferdsel_96,1547,500,68,255,629
Samferdsel_96,1554,500,63,241,605
Samferdsel_96,1557,500,61,222,584
Samferdsel_96,1560,500,56,223,563
Samferdsel_96,1563,500,31,168,1230
Samferdsel_96,1566,500,32,136,424
Samferdsel_96,1573,500,4,12,28
Samferdsel_96,1576,500,54,210,542
Samferdsel_96,1577,500,4,13,34
Samferdsel_96,1578,500,61,431,1466
Samferdsel_96,1579,500,47,181,493
Samferdsel_96,1580,500,229,624,1566
Samferdsel_96,1804,500,73,320,1019
Samferdsel_96,1806,500,38,166,467
Samferdsel_96,1811,500,143,479,1166
Samferdsel_96,1812,500,199,572,1418
Samferdsel_96,1813,500,135,458,1133
Samferdsel_96,1815,500,202,586,1418
Samferdsel_96,1816,500,187,563,1378
Samferdsel_96,1818,500,203,598,1461
Samferdsel_96,1820,500,195,564,1414
Samferdsel_96,1822,500,290,798,1992
Samferdsel_96,1824,500,73,290,839
Samferdsel_96,1825,500,96,368,929
Samferdsel_96,1826,500,69,271,754
Samferdsel_96,1827,500,433,854,2118
Samferdsel_96,1828,500,433,855,2115
Samferdsel_96,1832,500,472,860,2129
Samferdsel_96,1833,500,460,859,2126
Samferdsel_96,1834,500,481,862,2149
Samferdsel_96,1835,500,206,598,1466
Samferdsel_96,1836,500,180,764,1979
Samferdsel_96,1837,500,476,860,2148
Samferdsel_96,1838,500,178,669,1973
Samferdsel_96,1839,500,124,447,1200
Samferdsel_96,1840,500,59,263,769
Samferdsel_96,1841,500,125,498,1713
Samferdsel_96,1845,500,124,489,1421
Samferdsel_96,1848,500,138,459,1187
Samferdsel_96,1851,500,187,558,1376
Samferdsel_96,1853,500,189,558,1404
Samferdsel_96,1856,500,206,598,1466
Samferdsel_96,1857,500,206,598,1466
Samferdsel_96,1859,500,200,580,1420
Samferdsel_96,1860,500,165,522,1288
Samferdsel_96,1865,500,173,535,1334
Samferdsel_96,1866,500,146,509,1246
Samferdsel_96,1867,500,198,577,1439
Samferdsel_96,1868,500,4,14,38
Samferdsel_96,1870,500,145,488,1216
Samferdsel_96,1871,500,122,438,1159
Samferdsel_96,1874,500,205,594,1455
Samferdsel_96,1875,500,87,356,899
Samferdsel_96,3101,500,5,19,47
Samferdsel_96,3103,500,188,578,1441
Samferdsel_96,3105,500,146,489,1286
Samferdsel_96,3107,500,152,512,1305
Samferdsel_96,3110,500,195,593,1477
Samferdsel_96,3112,500,5,19,48
Samferdsel_96,3114,500,181,552,1396
Samferdsel_96,3116,500,196,599,1488
Samferdsel_96,3118,500,102,408,1111
Samferdsel_96,3120,500,198,599,1490
Samferdsel_96,3122,500,5,20,49
Samferdsel_96,3124,500,6,20,52
Samferdsel_96,3201,500,251,662,1644
Samferdsel_96,3203,500,251,658,1634
Samferdsel_96,3205,500,144,495,1319
Samferdsel_96,3207,500,6,24,56
Samferdsel_96,3209,500,179,544,1362
Samferdsel_96,3212,500,6,25,60
Samferdsel_96,3214,500,6,26,63
Samferdsel_96,3216,500,7,27,67
Samferdsel_96,3218,500,7,27,69
Samferdsel_96,3220,500,7,28,73
Samferdsel_96,3222,500,196,598,1487
Samferdsel_96,3224,500,7,31,75
Samferdsel_96,3226,500,91,375,1040
Samferdsel_96,3228,500,123,470,1228
Samferdsel_96,3230,500,10,31,76
Samferdsel_96,3232,500,185,554,1397
Samferdsel_96,3234,500,10,33,81
Samferdsel_96,3236,500,10,33,83
Samferdsel_96,3238,500,10,35,88
Samferdsel_96,3240,500,11,38,91
Samferdsel_96,3242,500,11,39,96
Samferdsel_96,3301,500,145,497,1326
Samferdsel_96,3303,500,79,344,990
Samferdsel_96,3305,500,52,215,706
Samferdsel_96,3310,500,11,40,98
Samferdsel_96,3312,500,167,535,1337
Samferdsel_96,3314,500,164,501,1301
Samferdsel_96,3316,500,118,441,1230
Samferdsel_96,3318,500,12,41,104
Samferdsel_96,3320,500,125,474,1245
Samferdsel_96,3322,500,103,398,1123
Samferdsel_96,3324,500,121,452,1194
Samferdsel_96,3326,500,133,463,1217
Samferdsel_96,3328,500,68,293,924
Samferdsel_96,3330,500,61,316,902
Samferdsel_96,3332,500,88,370,1075
Samferdsel_96,3334,500,12,46,112
Samferdsel_96,3336,500,181,558,1357
Samferdsel_96,3338,500,41,222,748
Samferdsel_96,3401,500,102,390,973
Samferdsel_96,3403,500,362,831,2047
Samferdsel_96,3405,500,310,760,1887
Samferdsel_96,3407,500,318,735,1896
Samferdsel_96,3411,500,360,825,2027
Samferdsel_96,3412,500,361,831,2043
Samferdsel_96,3413,500,102,395,984
Samferdsel_96,3414,500,13,47,116
Samferdsel_96,3415,500,13,48,119
Samferdsel_96,3416,500,13,49,125
Samferdsel_96,3417,500,14,52,129
Samferdsel_96,3418,500,14,54,132
Samferdsel_96,3419,500,361,830,2042
Samferdsel_96,3420,500,360,824,2028
Samferdsel_96,3421,500,357,818,2014
Samferdsel_96,3422,500,355,812,2000
Samferdsel_96,3423,500,342,790,1965
Samferdsel_96,3424,500,153,519,1260
Samferdsel_96,3425,500,342,795,1971
Samferdsel_96,3426,500,342,796,1966
Samferdsel_96,3427,500,178,593,1555
Samferdsel_96,3428,500,208,644,1768
Samferdsel_96,3429,500,343,796,1974
Samferdsel_96,3430,500,345,801,1974
Samferdsel_96,3431,500,209,687,1687
Samferdsel_96,3432,500,212,625,1666
Samferdsel_96,3433,500,235,687,1804
Samferdsel_96,3434,500,221,682,1656
Samferdsel_96,3435,500,206,668,1745
Samferdsel_96,3436,500,209,687,1603
Samferdsel_96,3437,500,208,644,1714
Samferdsel_96,3438,500,279,726,1894
Samferdsel_96,3439,500,41,194,572
Samferdsel_96,3440,500,73,306,822
Samferdsel_96,3441,500,47,234,728
Samferdsel_96,3442,500,252,660,1655
Samferdsel_96,3443,500,258,672,1683
Samferdsel_96,3446,500,90,339,885
Samferdsel_96,3447,500,191,585,1622
Samferdsel_96,3448,500,279,726,1792
Samferdsel_96,3449,500,53,249,741
Samferdsel_96,3450,500,326,768,1916
Samferdsel_96,3451,500,209,687,1739
Samferdsel_96,3452,500,90,342,924
Samferdsel_96,3453,500,81,311,844
Samferdsel_96,3454,500,65,293,790
Samferdsel_96,3901,500,312,757,1869
Samferdsel_96,3903,500,286,731,1781
Samferdsel_96,3905,500,297,730,1797
Samferdsel_96,3907,500,280,717,1763
Samferdsel_96,3909,500,271,702,1767
Samferdsel_96,3911,500,311,755,1862
Samferdsel_96,4001,500,305,746,1831
Samferdsel_96,4003,500,273,716,1757
Samferdsel_96,4005,500,38,152,390
Samferdsel_96,4010,500,54,200,528
Samferdsel_96,4012,500,306,749,1855
Samferdsel_96,4014,500,303,742,1831
Samferdsel_96,4016,500,272,702,1718
Samferdsel_96,4018,500,299,733,1801
Samferdsel_96,4020,500,17,56,140
Samferdsel_96,4022,500,39,155,413
Samferdsel_96,4024,500,45,165,441
Samferdsel_96,4026,500,28,110,301
Samferdsel_96,4028,500,45,174,467
Samferdsel_96,4030,500,41,166,444
Samferdsel_96,4032,500,278,711,1774
Samferdsel_96,4034,500,279,714,1768
Samferdsel_96,4036,500,259,682,1697
Samferdsel_96,4201,500,60,227,606
Samferdsel_96,4202,500,61,228,607
Samferdsel_96,4203,500,198,585,1474
Samferdsel_96,4204,500,180,547,1365
Samferdsel_96,4205,500,179,537,1316
Samferdsel_96,4206,500,59,220,584
Samferdsel_96,4207,500,91,333,831
Samferdsel_96,4211,500,72,267,672
Samferdsel_96,4212,500,47,195,528
Samferdsel_96,4213,500,53,225,594
Samferdsel_96,4214,500,72,265,671
Samferdsel_96,4215,500,65,242,623
Samferdsel_96,4216,500,38,153,440
Samferdsel_96,4217,500,33,145,390
Samferdsel_96,4218,500,70,263,668
Samferdsel_96,4219,500,195,586,1453
Samferdsel_96,4220,500,38,147,410
Samferdsel_96,4221,500,87,319,787
Samferdsel_96,4222,500,158,479,1182
Samferdsel_96,4223,500,203,602,1516
Samferdsel_96,4224,500,196,585,1473
Samferdsel_96,4225,500,189,568,1428
Samferdsel_96,4226,500,17,59,145
Samferdsel_96,4227,500,31,145,439
Samferdsel_96,4228,500,87,318,776
Samferdsel_96,4601,500,343,778,1972
Samferdsel_96,4602,500,109,671,1904
Samferdsel_96,4611,500,96,374,906
Samferdsel_96,4612,500,362,816,2000
Samferdsel_96,4613,500,369,831,2030
Samferdsel_96,4614,500,368,825,2026
Samferdsel_96,4615,500,17,60,147
Samferdsel_96,4616,500,18,62,154
Samferdsel_96,4617,500,89,341,880
Samferdsel_96,4618,500,35,169,482
Samferdsel_96,4619,500,83,319,844
Samferdsel_96,4620,500,115,404,998
Samferdsel_96,4621,500,45,207,612
Samferdsel_96,4622,500,93,356,914
Samferdsel_96,4623,500,122,428,1082
Samferdsel_96,4624,500,105,376,950
Samferdsel_96,4625,500,18,62,157
Samferdsel_96,4626,500,109,393,1012
Samferdsel_96,4627,500,122,430,1076
Samferdsel_96,4628,500,314,750,1847
Samferdsel_96,4629,500,18,63,158
Samferdsel_96,4630,500,314,751,1854
Samferdsel_96,4631,500,311,743,1820
Samferdsel_96,4632,500,124,431,1091
Samferdsel_96,4633,500,18,63,158
Samferdsel_96,4634,500,314,750,1874
Samferdsel_96,4635,500,315,750,1862
Samferdsel_96,4636,500,124,433,1098
Samferdsel_96,4637,500,122,425,1053
Samferdsel_96,4638,500,347,772,1987
Samferdsel_96,4639,500,167,687,1903
Samferdsel_96,4640,500,80,362,1571
Samferdsel_96,4641,500,94,463,1707
Samferdsel_96,4642,500,143,676,1865
Samferdsel_96,4643,500,109,390,966
Samferdsel_96,4644,500,73,331,1212
Samferdsel_96,4645,500,115,413,1035
Samferdsel_96,4646,500,118,418,1000
Samferdsel_96,4647,500,41,180,559
Samferdsel_96,4648,500,347,737,1950
Samferdsel_96,4649,500,87,436,1694
Samferdsel_96,4650,500,104,616,1841
Samferdsel_96,4651,500,84,438,1694
Samferdsel_96,5001,500,81,314,880
Samferdsel_96,5006,500,19,68,171
Samferdsel_96,5007,500,20,73,179
Samferdsel_96,5014,500,20,74,182
Samferdsel_96,5020,500,20,75,186
Samferdsel_96,5021,500,34,146,500
Samferdsel_96,5022,500,21,77,193
Samferdsel_96,5025,500,52,198,628
Samferdsel_96,5026,500,82,315,853
Samferdsel_96,5027,500,44,486,1558
Samferdsel_96,5028,500,255,652,1671
Samferdsel_96,5029,500,257,677,1686
Samferdsel_96,5031,500,21,77,195
Samferdsel_96,5032,500,87,335,893
Samferdsel_96,5033,500,75,291,830
Samferdsel_96,5034,500,76,315,783
Samferdsel_96,5035,500,63,263,802
Samferdsel_96,5036,500,21,80,196
Samferdsel_96,5037,500,24,83,208
Samferdsel_96,5038,500,90,326,858
Samferdsel_96,5041,500,55,244,684
Samferdsel_96,5042,500,56,251,665
Samferdsel_96,5043,500,108,389,978
Samferdsel_96,5044,500,102,367,921
Samferdsel_96,5045,500,94,348,909
Samferdsel_96,5046,500,115,404,1022
Samferdsel_96,5047,500,108,387,992
Samferdsel_96,5049,500,118,414,1068
Samferdsel_96,5052,500,24,83,208
Samferdsel_96,5053,500,103,381,985
Samferdsel_96,5054,500,69,264,804
Samferdsel_96,5055,500,80,319,853
Samferdsel_96,5056,500,98,376,963
Samferdsel_96,5057,500,24,84,210
Samferdsel_96,5058,500,84,330,843
Samferdsel_96,5059,500,40,321,1588
Samferdsel_96,5060,500,25,88,217
Samferdsel_96,5061,500,110,388,971
Samferdsel_96,5501,500,417,852,2091
Samferdsel_96,5503,500,245,664,1658
Samferdsel_96,5510,500,25,89,222
Samferdsel_96,5512,500,203,606,1497
Samferdsel_96,5514,500,224,633,1560
Samferdsel_96,5516,500,252,676,1662
Samferdsel_96,5518,500,254,676,1674
Samferdsel_96,5520,500,241,662,1623
Samferdsel_96,5522,500,250,671,1672
Samferdsel_96,5524,500,229,639,1582
Samferdsel_96,5526,500,222,625,1567
Samferdsel_96,5528,500,231,645,1599
Samferdsel_96,5530,500,136,497,1244
Samferdsel_96,5532,500,229,641,1596
Samferdsel_96,5534,500,200,593,1474
Samferdsel_96,5536,500,399,841,2065
Samferdsel_96,5538,500,25,90,224
Samferdsel_96,5540,500,25,91,228
Samferdsel_96,5542,500,403,843,2069
Samferdsel_96,5544,500,144,475,1181
Samferdsel_96,5546,500,193,567,1405
Samferdsel_96,5601,500,104,410,1046
Samferdsel_96,5603,500,163,511,1313
Samferdsel_96,5605,500,122,467,1158
Samferdsel_96,5607,500,193,566,1468
Samferdsel_96,5610,500,83,334,866
Samferdsel_96,5612,500,54,229,592
Samferdsel_96,5614,500,222,626,1558
Samferdsel_96,5616,500,227,630,1571
Samferdsel_96,5618,500,215,615,1523
Samferdsel_96,5620,500,399,840,2065
Samferdsel_96,5622,500,94,370,977
Samferdsel_96,5624,500,170,528,1292
Samferdsel_96,5626,500,25,91,228
Samferdsel_96,5628,500,111,421,1091
Samferdsel_96,5630,500,26,91,229
Samferdsel_96,5632,500,26,92,230
Samferdsel_96,5634,500,26,94,231
Samferdsel_96,5636,500,194,581,1446
