Scenario,Plan_Type,KomNr,N_Iterasjoner,Dager_P5,Dager_P50,Dager_P95
Basis_85,MIP_vektet,0301,500,619,1516,2855
Basis_85,MIP_vektet,1101,500,1213,1865,2596
Basis_85,MIP_vektet,1103,500,998,1583,2328
Basis_85,MIP_vektet,1106,500,1843,2855,3822
Basis_85,MIP_vektet,1108,500,1731,2657,3568
Basis_85,MIP_vektet,1111,500,1209,1872,2607
Basis_85,MIP_vektet,1112,500,1207,1865,2602
Basis_85,MIP_vektet,1114,500,1201,1858,2576
Basis_85,MIP_vektet,1119,500,1008,1614,2322
Basis_85,MIP_vektet,1120,500,1182,1821,2541
Basis_85,MIP_vektet,1121,500,1042,1680,2401
Basis_85,MIP_vektet,1122,500,920,1498,2272
Basis_85,MIP_vektet,1124,500,1829,2861,3827
Basis_85,MIP_vektet,1127,500,1845,2868,3839
Basis_85,MIP_vektet,1130,500,1048,1710,2405
Basis_85,MIP_vektet,1133,500,837,1342,2064
Basis_85,MIP_vektet,1134,500,675,1153,1847
Basis_85,MIP_vektet,1135,500,1053,1688,2436
Basis_85,MIP_vektet,1144,500,1845,2869,3840
Basis_85,MIP_vektet,1145,500,1843,2862,3840
Basis_85,MIP_vektet,1146,500,1784,2768,3682
Basis_85,MIP_vektet,1149,500,1811,2813,3793
Basis_85,MIP_vektet,1151,500,1845,2872,3840
Basis_85,MIP_vektet,1160,500,1742,2740,3689
Basis_85,MIP_vektet,1505,500,963,1517,2288
Basis_85,MIP_vektet,1506,500,2018,3171,4212
Basis_85,MIP_vektet,1508,500,1928,3021,4063
Basis_85,MIP_vektet,1511,500,4,5,7
Basis_85,MIP_vektet,1514,500,5,7,11
Basis_85,MIP_vektet,1515,500,10,13,18
Basis_85,MIP_vektet,1516,500,11,17,21
Basis_85,MIP_vektet,1517,500,12,19,25
Basis_85,MIP_vektet,1520,500,19,28,39
Basis_85,MIP_vektet,1525,500,1923,3012,4003
Basis_85,MIP_vektet,1528,500,1969,3047,4046
Basis_85,MIP_vektet,1531,500,21,33,45
Basis_85,MIP_vektet,1532,500,24,35,47
Basis_85,MIP_vektet,1535,500,2060,3196,4259
Basis_85,MIP_vektet,1539,500,31,46,61
Basis_85,MIP_vektet,1547,500,1052,2374,4014
Basis_85,MIP_vektet,1554,500,915,1489,2225
Basis_85,MIP_vektet,1557,500,873,1410,2162
Basis_85,MIP_vektet,1560,500,857,1359,2059
Basis_85,MIP_vektet,1563,500,1891,3000,3975
Basis_85,MIP_vektet,1566,500,654,1037,1609
Basis_85,MIP_vektet,1573,500,32,48,66
Basis_85,MIP_vektet,1576,500,814,1316,2029
Basis_85,MIP_vektet,1577,500,39,60,77
Basis_85,MIP_vektet,1578,500,1980,3044,4046
Basis_85,MIP_vektet,1579,500,725,1279,3174
Basis_85,MIP_vektet,1580,500,1965,3058,4056
Basis_85,MIP_vektet,1804,500,369,631,1562
Basis_85,MIP_vektet,1806,500,409,724,1272
Basis_85,MIP_vektet,1811,500,790,1569,2414
Basis_85,MIP_vektet,1812,500,1466,2421,3248
Basis_85,MIP_vektet,1813,500,593,1315,2310
Basis_85,MIP_vektet,1815,500,1539,2486,3332
Basis_85,MIP_vektet,1816,500,1426,2293,3055
Basis_85,MIP_vektet,1818,500,1592,2527,3352
Basis_85,MIP_vektet,1820,500,1476,2375,3210
Basis_85,MIP_vektet,1822,500,1353,2250,3052
Basis_85,MIP_vektet,1824,500,1258,2132,3169
Basis_85,MIP_vektet,1825,500,342,697,1291
Basis_85,MIP_vektet,1826,500,564,963,1539
Basis_85,MIP_vektet,1827,500,1558,2462,3316
Basis_85,MIP_vektet,1828,497,1654,2876,4515
Basis_85,MIP_vektet,1832,499,1692,2713,4058
Basis_85,MIP_vektet,1833,500,1388,2159,2933
Basis_85,MIP_vektet,1834,499,1865,2925,4409
Basis_85,MIP_vektet,1835,500,1594,2540,3373
Basis_85,MIP_vektet,1836,500,1322,2153,2951
Basis_85,MIP_vektet,1837,499,1721,2863,4261
Basis_85,MIP_vektet,1838,500,1178,2105,2867
Basis_85,MIP_vektet,1839,500,599,1321,2281
Basis_85,MIP_vektet,1840,500,1301,2155,3884
Basis_85,MIP_vektet,1841,500,460,1131,2292
Basis_85,MIP_vektet,1845,500,495,1092,1977
Basis_85,MIP_vektet,1848,500,620,1428,2349
Basis_85,MIP_vektet,1851,500,1385,2228,3044
Basis_85,MIP_vektet,1853,500,1321,2289,3107
Basis_85,MIP_vektet,1856,500,1594,2542,3373
Basis_85,MIP_vektet,1857,500,1594,2534,3373
Basis_85,MIP_vektet,1859,500,1531,2438,3265
Basis_85,MIP_vektet,1860,500,972,1923,2818
Basis_85,MIP_vektet,1865,500,1075,2075,2931
Basis_85,MIP_vektet,1866,500,769,1764,2805
Basis_85,MIP_vektet,1867,500,1507,2411,3199
Basis_85,MIP_vektet,1868,500,40,62,83
Basis_85,MIP_vektet,1870,500,715,1620,2573
Basis_85,MIP_vektet,1871,500,486,1219,2331
Basis_85,MIP_vektet,1874,500,1590,2518,3345
Basis_85,MIP_vektet,1875,500,362,666,1307
Basis_85,MIP_vektet,3101,500,52,80,105
Basis_85,MIP_vektet,3103,500,1641,2626,3560
Basis_85,MIP_vektet,3105,500,970,2173,3238
Basis_85,MIP_vektet,3107,500,1094,2268,3282
Basis_85,MIP_vektet,3110,500,1700,2694,3658
Basis_85,MIP_vektet,3112,500,53,82,110
Basis_85,MIP_vektet,3114,500,1461,2512,3499
Basis_85,MIP_vektet,3116,500,1738,2741,3700
Basis_85,MIP_vektet,3118,500,509,1471,2835
Basis_85,MIP_vektet,3120,500,1738,2748,3716
Basis_85,MIP_vektet,3122,500,55,87,115
Basis_85,MIP_vektet,3124,500,56,88,117
Basis_85,MIP_vektet,3201,500,2048,3182,4253
Basis_85,MIP_vektet,3203,500,1983,3163,4200
Basis_85,MIP_vektet,3205,500,885,2166,3149
Basis_85,MIP_vektet,3207,500,62,97,130
Basis_85,MIP_vektet,3209,500,1400,2473,3406
Basis_85,MIP_vektet,3212,500,66,102,136
Basis_85,MIP_vektet,3214,500,69,108,143
Basis_85,MIP_vektet,3216,500,74,112,151
Basis_85,MIP_vektet,3218,500,75,117,157
Basis_85,MIP_vektet,3220,500,80,123,164
Basis_85,MIP_vektet,3222,500,1714,2726,3685
Basis_85,MIP_vektet,3224,500,82,129,171
Basis_85,MIP_vektet,3226,500,445,1134,2544
Basis_85,MIP_vektet,3228,500,733,1837,3037
Basis_85,MIP_vektet,3230,500,83,130,173
Basis_85,MIP_vektet,3232,500,1480,2530,3506
Basis_85,MIP_vektet,3234,500,89,138,182
Basis_85,MIP_vektet,3236,500,91,143,189
Basis_85,MIP_vektet,3238,500,96,150,196
Basis_85,MIP_vektet,3240,500,101,157,208
Basis_85,MIP_vektet,3242,500,104,164,216
Basis_85,MIP_vektet,3301,500,1068,2190,3233
Basis_85,MIP_vektet,3303,500,429,1058,2520
Basis_85,MIP_vektet,3305,500,843,1672,2754
Basis_85,MIP_vektet,3310,500,108,167,222
Basis_85,MIP_vektet,3312,500,1343,2404,3356
Basis_85,MIP_vektet,3314,500,1067,2208,3273
Basis_85,MIP_vektet,3316,500,710,1909,3085
Basis_85,MIP_vektet,3318,500,115,179,236
Basis_85,MIP_vektet,3320,500,937,2060,3030
Basis_85,MIP_vektet,3322,500,527,1471,2720
Basis_85,MIP_vektet,3324,500,649,1818,2958
Basis_85,MIP_vektet,3326,500,849,1956,2959
Basis_85,MIP_vektet,3328,500,376,873,2223
Basis_85,MIP_vektet,3330,500,402,905,2255
Basis_85,MIP_vektet,3332,500,434,1196,2565
Basis_85,MIP_vektet,3334,500,124,193,255
Basis_85,MIP_vektet,3336,500,1503,2552,3447
Basis_85,MIP_vektet,3338,500,416,795,1533
Basis_85,MIP_vektet,3401,500,1110,1763,2569
Basis_85,MIP_vektet,3403,500,1987,3107,4151
Basis_85,MIP_vektet,3405,500,1654,2591,3444
Basis_85,MIP_vektet,3407,499,2186,3427,4540
Basis_85,MIP_vektet,3411,500,1973,3084,4112
Basis_85,MIP_vektet,3412,500,1992,3109,4156
Basis_85,MIP_vektet,3413,500,1118,1768,2566
Basis_85,MIP_vektet,3414,500,126,196,262
Basis_85,MIP_vektet,3415,500,131,206,272
Basis_85,MIP_vektet,3416,500,137,213,283
Basis_85,MIP_vektet,3417,500,140,217,290
Basis_85,MIP_vektet,3418,500,145,227,300
Basis_85,MIP_vektet,3419,500,1984,3098,4147
Basis_85,MIP_vektet,3420,500,1979,3074,4107
Basis_85,MIP_vektet,3421,500,1957,3059,4070
Basis_85,MIP_vektet,3422,500,1943,3030,4031
Basis_85,MIP_vektet,3423,500,1907,2973,3965
Basis_85,MIP_vektet,3424,500,1538,2405,3211
Basis_85,MIP_vektet,3425,500,1753,2756,3714
Basis_85,MIP_vektet,3426,500,1753,2768,3735
Basis_85,MIP_vektet,3427,500,1812,2733,3671
Basis_85,MIP_vektet,3428,500,1447,2278,3058
Basis_85,MIP_vektet,3429,500,1755,2753,3693
Basis_85,MIP_vektet,3430,500,1767,2784,3770
Basis_85,MIP_vektet,3431,500,1420,2294,3051
Basis_85,MIP_vektet,3432,500,1452,2286,3121
Basis_85,MIP_vektet,3433,500,1513,2422,3335
Basis_85,MIP_vektet,3434,500,1655,2568,3427
Basis_85,MIP_vektet,3435,500,1451,2291,3063
Basis_85,MIP_vektet,3436,500,1815,2750,3671
Basis_85,MIP_vektet,3437,500,1432,2273,3013
Basis_85,MIP_vektet,3438,500,1613,2535,3504
Basis_85,MIP_vektet,3439,500,387,726,1596
Basis_85,MIP_vektet,3440,500,572,1286,2258
Basis_85,MIP_vektet,3441,500,430,901,1875
Basis_85,MIP_vektet,3442,500,1842,3236,4295
Basis_85,MIP_vektet,3443,500,2105,3291,4359
Basis_85,MIP_vektet,3446,500,682,1466,2384
Basis_85,MIP_vektet,3447,500,727,3128,4247
Basis_85,MIP_vektet,3448,499,2188,3413,4527
Basis_85,MIP_vektet,3449,500,448,1002,1886
Basis_85,MIP_vektet,3450,500,1696,2664,3552
Basis_85,MIP_vektet,3451,500,1511,2461,3259
Basis_85,MIP_vektet,3452,500,646,1475,2372
Basis_85,MIP_vektet,3453,500,564,1339,2303
Basis_85,MIP_vektet,3454,500,502,1124,2089
Basis_85,MIP_vektet,3901,499,2193,3406,4539
Basis_85,MIP_vektet,3903,500,2102,3302,4401
Basis_85,MIP_vektet,3905,499,2168,3316,4413
Basis_85,MIP_vektet,3907,500,2112,3281,4367
Basis_85,MIP_vektet,3909,499,2144,3359,4467
Basis_85,MIP_vektet,3911,499,2195,3406,4506
Basis_85,MIP_vektet,4001,499,2162,3372,4494
Basis_85,MIP_vektet,4003,500,2068,3247,4304
Basis_85,MIP_vektet,4005,500,1418,2293,3210
Basis_85,MIP_vektet,4010,500,1648,2513,3459
Basis_85,MIP_vektet,4012,500,2175,3383,4500
Basis_85,MIP_vektet,4014,500,2140,3357,4469
Basis_85,MIP_vektet,4016,499,2137,3352,4446
Basis_85,MIP_vektet,4018,499,2151,3357,4481
Basis_85,MIP_vektet,4020,500,153,238,318
Basis_85,MIP_vektet,4022,500,1462,2327,3213
Basis_85,MIP_vektet,4024,500,1538,2374,3352
Basis_85,MIP_vektet,4026,500,869,1794,2860
Basis_85,MIP_vektet,4028,500,1573,2446,3345
Basis_85,MIP_vektet,4030,500,1557,2404,3315
Basis_85,MIP_vektet,4032,500,2101,3263,4317
Basis_85,MIP_vektet,4034,500,2126,3295,4395
Basis_85,MIP_vektet,4036,500,2140,3324,4420
Basis_85,MIP_vektet,4201,500,837,1440,2167
Basis_85,MIP_vektet,4202,500,880,1428,2103
Basis_85,MIP_vektet,4203,500,1713,2797,3743
Basis_85,MIP_vektet,4204,500,1892,2902,3875
Basis_85,MIP_vektet,4205,500,1766,2784,3702
Basis_85,MIP_vektet,4206,500,850,1390,2103
Basis_85,MIP_vektet,4207,500,1265,2001,2755
Basis_85,MIP_vektet,4211,500,1005,1600,2324
Basis_85,MIP_vektet,4212,500,691,1214,1911
Basis_85,MIP_vektet,4213,500,797,1342,2079
Basis_85,MIP_vektet,4214,500,1007,1596,2336
Basis_85,MIP_vektet,4215,500,915,1502,2218
Basis_85,MIP_vektet,4216,500,640,1068,1777
Basis_85,MIP_vektet,4217,500,517,964,1498
Basis_85,MIP_vektet,4218,500,996,1582,2313
Basis_85,MIP_vektet,4219,500,1790,2776,3756
Basis_85,MIP_vektet,4220,500,550,970,1692
Basis_85,MIP_vektet,4221,500,1189,1911,2748
Basis_85,MIP_vektet,4222,500,1606,2523,3359
Basis_85,MIP_vektet,4223,500,1822,2877,3826
Basis_85,MIP_vektet,4224,500,1775,2784,3658
Basis_85,MIP_vektet,4225,500,1718,2738,3664
Basis_85,MIP_vektet,4226,500,158,245,327
Basis_85,MIP_vektet,4227,500,562,1005,1649
Basis_85,MIP_vektet,4228,500,1167,1892,2713
Basis_85,MIP_vektet,4601,499,557,3484,4662
Basis_85,MIP_vektet,4602,499,732,2310,4485
Basis_85,MIP_vektet,4611,500,571,1370,2247
Basis_85,MIP_vektet,4612,498,2268,3568,4759
Basis_85,MIP_vektet,4613,497,2329,3602,4774
Basis_85,MIP_vektet,4614,498,2319,3597,4765
Basis_85,MIP_vektet,4615,500,163,252,335
Basis_85,MIP_vektet,4616,500,170,263,349
Basis_85,MIP_vektet,4617,500,606,1202,2140
Basis_85,MIP_vektet,4618,500,374,605,969
Basis_85,MIP_vektet,4619,500,488,1018,1902
Basis_85,MIP_vektet,4620,500,1065,1819,2400
Basis_85,MIP_vektet,4621,500,340,551,1062
Basis_85,MIP_vektet,4622,500,640,1331,2254
Basis_85,MIP_vektet,4623,500,1247,1986,2681
Basis_85,MIP_vektet,4624,500,786,1630,2390
Basis_85,MIP_vektet,4625,500,171,265,353
Basis_85,MIP_vektet,4626,500,762,1664,2434
Basis_85,MIP_vektet,4627,500,1223,1979,2679
Basis_85,MIP_vektet,4628,498,2246,3489,4626
Basis_85,MIP_vektet,4629,500,172,269,355
Basis_85,MIP_vektet,4630,498,2245,3498,4633
Basis_85,MIP_vektet,4631,498,2236,3480,4603
Basis_85,MIP_vektet,4632,500,1264,2044,2721
Basis_85,MIP_vektet,4633,500,173,269,356
Basis_85,MIP_vektet,4634,498,2247,3487,4641
Basis_85,MIP_vektet,4635,498,2255,3491,4634
Basis_85,MIP_vektet,4636,500,1256,2029,2729
Basis_85,MIP_vektet,4637,500,1167,1939,2650
Basis_85,MIP_vektet,4638,498,1049,3268,4553
Basis_85,MIP_vektet,4639,498,786,2572,4511
Basis_85,MIP_vektet,4640,500,517,895,1473
Basis_85,MIP_vektet,4641,500,573,1167,3932
Basis_85,MIP_vektet,4642,499,731,1559,4382
Basis_85,MIP_vektet,4643,500,937,1659,2366
Basis_85,MIP_vektet,4644,500,404,807,1567
Basis_85,MIP_vektet,4645,500,1139,1891,2588
Basis_85,MIP_vektet,4646,500,1166,1874,2559
Basis_85,MIP_vektet,4647,500,440,827,1474
Basis_85,MIP_vektet,4648,499,849,3255,4487
Basis_85,MIP_vektet,4649,500,487,1183,4152
Basis_85,MIP_vektet,4650,499,619,1550,4374
Basis_85,MIP_vektet,4651,500,506,1081,4039
Basis_85,MIP_vektet,5001,500,478,1181,2146
Basis_85,MIP_vektet,5006,500,187,291,385
Basis_85,MIP_vektet,5007,500,195,304,403
Basis_85,MIP_vektet,5014,500,200,312,413
Basis_85,MIP_vektet,5020,500,202,314,418
Basis_85,MIP_vektet,5021,500,773,1471,2492
Basis_85,MIP_vektet,5022,500,210,327,434
Basis_85,MIP_vektet,5025,500,347,633,1341
Basis_85,MIP_vektet,5026,500,642,1232,2056
Basis_85,MIP_vektet,5027,500,373,2730,4140
Basis_85,MIP_vektet,5028,500,1837,3211,4270
Basis_85,MIP_vektet,5029,500,2083,3252,4344
Basis_85,MIP_vektet,5031,500,214,332,440
Basis_85,MIP_vektet,5032,500,678,1214,2064
Basis_85,MIP_vektet,5033,500,538,1124,1840
Basis_85,MIP_vektet,5034,500,601,1147,1887
Basis_85,MIP_vektet,5035,500,418,878,1785
Basis_85,MIP_vektet,5036,500,215,335,445
Basis_85,MIP_vektet,5037,500,227,353,468
Basis_85,MIP_vektet,5038,500,557,1187,1998
Basis_85,MIP_vektet,5041,500,397,784,1396
Basis_85,MIP_vektet,5042,500,432,781,1224
Basis_85,MIP_vektet,5043,500,1070,1727,2370
Basis_85,MIP_vektet,5044,500,908,1560,2148
Basis_85,MIP_vektet,5045,500,670,1309,2064
Basis_85,MIP_vektet,5046,500,1139,1846,2539
Basis_85,MIP_vektet,5047,500,928,1716,2397
Basis_85,MIP_vektet,5049,500,1214,1917,2617
Basis_85,MIP_vektet,5052,500,228,354,469
Basis_85,MIP_vektet,5053,500,899,1651,2426
Basis_85,MIP_vektet,5054,500,411,943,1809
Basis_85,MIP_vektet,5055,500,524,1128,2086
Basis_85,MIP_vektet,5056,500,800,1575,2317
Basis_85,MIP_vektet,5057,500,230,360,476
Basis_85,MIP_vektet,5058,500,538,1133,2007
Basis_85,MIP_vektet,5059,500,319,635,3904
Basis_85,MIP_vektet,5060,500,237,370,490
Basis_85,MIP_vektet,5061,500,954,1749,2379
Basis_85,MIP_vektet,5501,498,2157,3590,4753
Basis_85,MIP_vektet,5503,500,1522,2356,3169
Basis_85,MIP_vektet,5510,500,243,377,502
Basis_85,MIP_vektet,5512,500,697,1329,1978
Basis_85,MIP_vektet,5514,500,1133,1796,2434
Basis_85,MIP_vektet,5516,500,1568,2423,3294
Basis_85,MIP_vektet,5518,500,1574,2434,3286
Basis_85,MIP_vektet,5520,500,1483,2293,3091
Basis_85,MIP_vektet,5522,500,1552,2418,3261
Basis_85,MIP_vektet,5524,500,1186,1837,2497
Basis_85,MIP_vektet,5526,500,1080,1716,2455
Basis_85,MIP_vektet,5528,500,1255,1908,2611
Basis_85,MIP_vektet,5530,500,361,661,1284
Basis_85,MIP_vektet,5532,500,1250,1884,2569
Basis_85,MIP_vektet,5534,500,698,1274,1949
Basis_85,MIP_vektet,5536,500,919,1502,2216
Basis_85,MIP_vektet,5538,500,247,383,509
Basis_85,MIP_vektet,5540,500,249,388,514
Basis_85,MIP_vektet,5542,500,1254,1905,2615
Basis_85,MIP_vektet,5544,500,310,553,921
Basis_85,MIP_vektet,5546,500,562,1048,1651
Basis_85,MIP_vektet,5601,500,738,1481,2635
Basis_85,MIP_vektet,5603,500,429,753,1207
Basis_85,MIP_vektet,5605,500,318,528,879
Basis_85,MIP_vektet,5607,500,569,1163,1816
Basis_85,MIP_vektet,5610,500,360,565,846
Basis_85,MIP_vektet,5612,500,447,703,1160
Basis_85,MIP_vektet,5614,500,1088,1711,2356
Basis_85,MIP_vektet,5616,500,1157,1784,2432
Basis_85,MIP_vektet,5618,500,879,1492,2161
Basis_85,MIP_vektet,5620,500,978,1597,2197
Basis_85,MIP_vektet,5622,500,677,1186,2323
Basis_85,MIP_vektet,5624,500,411,755,1180
Basis_85,MIP_vektet,5626,500,250,388,515
Basis_85,MIP_vektet,5628,500,390,712,1265
Basis_85,MIP_vektet,5630,500,250,390,517
Basis_85,MIP_vektet,5632,500,251,391,521
Basis_85,MIP_vektet,5634,500,254,393,522
Basis_85,MIP_vektet,5636,500,564,1114,1743
Middels_90,MIP_vektet,0301,500,301,851,1951
Middels_90,MIP_vektet,1101,500,566,1181,1809
Middels_90,MIP_vektet,1103,500,418,985,1582
Middels_90,MIP_vektet,1106,500,901,1842,2747
Middels_90,MIP_vektet,1108,500,877,1853,2789
Middels_90,MIP_vektet,1111,500,569,1189,1825
Middels_90,MIP_vektet,1112,500,569,1186,1812
Middels_90,MIP_vektet,1114,500,564,1180,1813
Middels_90,MIP_vektet,1119,500,454,1017,1627
Middels_90,MIP_vektet,1120,500,557,1153,1789
Middels_90,MIP_vektet,1121,500,480,1048,1649
Middels_90,MIP_vektet,1122,500,425,943,1463
Middels_90,MIP_vektet,1124,500,891,1840,2751
Middels_90,MIP_vektet,1127,500,907,1846,2754
Middels_90,MIP_vektet,1130,500,478,1038,1614
Middels_90,MIP_vektet,1133,500,374,824,1376
Middels_90,MIP_vektet,1134,500,298,682,1153
Middels_90,MIP_vektet,1135,500,495,1064,1670
Middels_90,MIP_vektet,1144,500,907,1851,2764
Middels_90,MIP_vektet,1145,500,901,1845,2735
Middels_90,MIP_vektet,1146,500,874,1787,2629
Middels_90,MIP_vektet,1149,500,887,1805,2706
Middels_90,MIP_vektet,1151,500,907,1851,2764
Middels_90,MIP_vektet,1160,500,845,1759,2590
Middels_90,MIP_vektet,1505,500,530,1068,1685
Middels_90,MIP_vektet,1506,500,1031,2112,3153
Middels_90,MIP_vektet,1508,500,988,2017,2985
Middels_90,MIP_vektet,1511,500,3,4,5
Middels_90,MIP_vektet,1514,500,3,5,7
Middels_90,MIP_vektet,1515,500,4,10,13
Middels_90,MIP_vektet,1516,500,5,11,17
Middels_90,MIP_vektet,1517,500,6,12,19
Middels_90,MIP_vektet,1520,500,10,19,28
Middels_90,MIP_vektet,1525,500,987,1999,2951
Middels_90,MIP_vektet,1528,500,991,2033,3029
Middels_90,MIP_vektet,1531,500,11,21,33
Middels_90,MIP_vektet,1532,500,12,24,35
Middels_90,MIP_vektet,1535,500,1034,2139,3241
Middels_90,MIP_vektet,1539,500,14,31,46
Middels_90,MIP_vektet,1547,500,584,1475,3063
Middels_90,MIP_vektet,1554,500,494,1036,1662
Middels_90,MIP_vektet,1557,500,492,981,1617
Middels_90,MIP_vektet,1560,500,460,971,1554
Middels_90,MIP_vektet,1563,500,510,1964,2952
Middels_90,MIP_vektet,1566,500,368,789,1361
Middels_90,MIP_vektet,1573,500,16,33,48
Middels_90,MIP_vektet,1576,500,452,935,1480
Middels_90,MIP_vektet,1577,500,19,40,59
Middels_90,MIP_vektet,1578,500,969,1992,2950
Middels_90,MIP_vektet,1579,500,422,897,2543
Middels_90,MIP_vektet,1580,500,998,2017,3035
Middels_90,MIP_vektet,1804,500,173,388,866
Middels_90,MIP_vektet,1806,500,494,1152,1970
Middels_90,MIP_vektet,1811,500,318,866,1580
Middels_90,MIP_vektet,1812,500,720,1517,2293
Middels_90,MIP_vektet,1813,500,313,748,1480
Middels_90,MIP_vektet,1815,500,786,1574,2390
Middels_90,MIP_vektet,1816,500,695,1416,2139
Middels_90,MIP_vektet,1818,500,815,1611,2457
Middels_90,MIP_vektet,1820,500,705,1489,2278
Middels_90,MIP_vektet,1822,500,656,1390,2154
Middels_90,MIP_vektet,1824,500,640,1441,2288
Middels_90,MIP_vektet,1825,500,188,425,782
Middels_90,MIP_vektet,1826,500,320,687,1116
Middels_90,MIP_vektet,1827,500,793,1534,2369
Middels_90,MIP_vektet,1828,500,758,1579,2745
Middels_90,MIP_vektet,1832,500,871,1727,2609
Middels_90,MIP_vektet,1833,500,682,1425,2118
Middels_90,MIP_vektet,1834,500,888,1815,2786
Middels_90,MIP_vektet,1835,500,817,1621,2469
Middels_90,MIP_vektet,1836,500,619,1303,2042
Middels_90,MIP_vektet,1837,500,885,1774,2740
Middels_90,MIP_vektet,1838,500,536,1250,1995
Middels_90,MIP_vektet,1839,500,279,694,1417
Middels_90,MIP_vektet,1840,500,570,1440,2702
Middels_90,MIP_vektet,1841,500,236,647,1379
Middels_90,MIP_vektet,1845,500,243,618,1189
Middels_90,MIP_vektet,1848,500,305,803,1560
Middels_90,MIP_vektet,1851,500,639,1374,2127
Middels_90,MIP_vektet,1853,500,614,1440,2216
Middels_90,MIP_vektet,1856,500,822,1618,2468
Middels_90,MIP_vektet,1857,500,822,1616,2469
Middels_90,MIP_vektet,1859,500,777,1518,2363
Middels_90,MIP_vektet,1860,500,444,1139,1886
Middels_90,MIP_vektet,1865,500,535,1273,2047
Middels_90,MIP_vektet,1866,500,370,1022,1763
Middels_90,MIP_vektet,1867,500,762,1516,2295
Middels_90,MIP_vektet,1868,500,20,41,62
Middels_90,MIP_vektet,1870,500,367,997,1781
Middels_90,MIP_vektet,1871,500,249,714,1532
Middels_90,MIP_vektet,1874,500,811,1602,2428
Middels_90,MIP_vektet,1875,500,375,857,1526
Middels_90,MIP_vektet,3101,500,25,53,77
Middels_90,MIP_vektet,3103,500,817,1641,2519
Middels_90,MIP_vektet,3105,500,495,1335,2244
Middels_90,MIP_vektet,3107,500,445,1386,2334
Middels_90,MIP_vektet,3110,500,864,1678,2572
Middels_90,MIP_vektet,3112,500,26,55,82
Middels_90,MIP_vektet,3114,500,663,1574,2427
Middels_90,MIP_vektet,3116,500,866,1714,2579
Middels_90,MIP_vektet,3118,500,305,806,1803
Middels_90,MIP_vektet,3120,500,870,1713,2576
Middels_90,MIP_vektet,3122,500,27,56,84
Middels_90,MIP_vektet,3124,500,27,59,87
Middels_90,MIP_vektet,3201,500,1040,2109,3188
Middels_90,MIP_vektet,3203,500,974,2095,3163
Middels_90,MIP_vektet,3205,500,432,1282,2225
Middels_90,MIP_vektet,3207,500,31,66,96
Middels_90,MIP_vektet,3209,500,688,1545,2399
Middels_90,MIP_vektet,3212,500,32,68,101
Middels_90,MIP_vektet,3214,500,34,73,105
Middels_90,MIP_vektet,3216,500,37,75,112
Middels_90,MIP_vektet,3218,500,38,77,117
Middels_90,MIP_vektet,3220,500,39,82,123
Middels_90,MIP_vektet,3222,500,860,1697,2565
Middels_90,MIP_vektet,3224,500,40,84,126
Middels_90,MIP_vektet,3226,500,251,708,1645
Middels_90,MIP_vektet,3228,500,395,1091,2036
Middels_90,MIP_vektet,3230,500,41,87,129
Middels_90,MIP_vektet,3232,500,696,1592,2407
Middels_90,MIP_vektet,3234,500,45,91,137
Middels_90,MIP_vektet,3236,500,46,95,140
Middels_90,MIP_vektet,3238,500,47,98,147
Middels_90,MIP_vektet,3240,500,51,104,154
Middels_90,MIP_vektet,3242,500,52,109,161
Middels_90,MIP_vektet,3301,500,419,1294,2272
Middels_90,MIP_vektet,3303,500,226,599,1625
Middels_90,MIP_vektet,3305,500,422,1022,1880
Middels_90,MIP_vektet,3310,500,53,111,166
Middels_90,MIP_vektet,3312,500,660,1506,2342
Middels_90,MIP_vektet,3314,500,487,1360,2213
Middels_90,MIP_vektet,3316,500,331,1086,2029
Middels_90,MIP_vektet,3318,500,58,118,175
Middels_90,MIP_vektet,3320,500,423,1140,2097
Middels_90,MIP_vektet,3322,500,268,771,1839
Middels_90,MIP_vektet,3324,500,399,1075,2071
Middels_90,MIP_vektet,3326,500,425,1189,2120
Middels_90,MIP_vektet,3328,500,222,595,1312
Middels_90,MIP_vektet,3330,500,201,529,1477
Middels_90,MIP_vektet,3332,500,242,701,1702
Middels_90,MIP_vektet,3334,500,61,129,189
Middels_90,MIP_vektet,3336,500,775,1577,2453
Middels_90,MIP_vektet,3338,500,193,431,763
Middels_90,MIP_vektet,3401,500,572,1183,1909
Middels_90,MIP_vektet,3403,500,1017,2073,3094
Middels_90,MIP_vektet,3405,500,892,1838,2782
Middels_90,MIP_vektet,3407,500,1116,2291,3396
Middels_90,MIP_vektet,3411,500,1010,2054,3057
Middels_90,MIP_vektet,3412,500,1016,2075,3091
Middels_90,MIP_vektet,3413,500,584,1191,1921
Middels_90,MIP_vektet,3414,500,62,131,195
Middels_90,MIP_vektet,3415,500,66,137,202
Middels_90,MIP_vektet,3416,500,68,141,210
Middels_90,MIP_vektet,3417,500,69,145,216
Middels_90,MIP_vektet,3418,500,73,151,223
Middels_90,MIP_vektet,3419,500,1013,2071,3070
Middels_90,MIP_vektet,3420,500,1004,2050,3053
Middels_90,MIP_vektet,3421,500,998,2041,3020
Middels_90,MIP_vektet,3422,500,989,2020,2996
Middels_90,MIP_vektet,3423,500,981,1984,2947
Middels_90,MIP_vektet,3424,500,754,1563,2294
Middels_90,MIP_vektet,3425,500,936,1928,2882
Middels_90,MIP_vektet,3426,500,936,1940,2877
Middels_90,MIP_vektet,3427,500,793,1629,2420
Middels_90,MIP_vektet,3428,500,772,1617,2383
Middels_90,MIP_vektet,3429,500,940,1937,2895
Middels_90,MIP_vektet,3430,500,942,1944,2888
Middels_90,MIP_vektet,3431,500,740,1562,2302
Middels_90,MIP_vektet,3432,500,852,1825,2740
Middels_90,MIP_vektet,3433,500,860,1690,2579
Middels_90,MIP_vektet,3434,500,815,1694,2607
Middels_90,MIP_vektet,3435,500,786,1643,2531
Middels_90,MIP_vektet,3436,500,720,1580,2307
Middels_90,MIP_vektet,3437,500,857,1837,2793
Middels_90,MIP_vektet,3438,500,859,1791,2786
Middels_90,MIP_vektet,3439,500,216,495,1130
Middels_90,MIP_vektet,3440,500,319,843,1579
Middels_90,MIP_vektet,3441,500,243,624,1301
Middels_90,MIP_vektet,3442,500,672,2146,3279
Middels_90,MIP_vektet,3443,500,1047,2212,3311
Middels_90,MIP_vektet,3446,500,402,991,1733
Middels_90,MIP_vektet,3447,500,496,2056,3216
Middels_90,MIP_vektet,3448,500,1116,2287,3409
Middels_90,MIP_vektet,3449,500,255,654,1365
Middels_90,MIP_vektet,3450,500,914,1888,2818
Middels_90,MIP_vektet,3451,500,818,1718,2652
Middels_90,MIP_vektet,3452,500,431,1013,1775
Middels_90,MIP_vektet,3453,500,370,937,1684
Middels_90,MIP_vektet,3454,500,293,776,1522
Middels_90,MIP_vektet,3901,500,1105,2271,3382
Middels_90,MIP_vektet,3903,500,1059,2181,3206
Middels_90,MIP_vektet,3905,500,1079,2203,3275
Middels_90,MIP_vektet,3907,500,1053,2166,3238
Middels_90,MIP_vektet,3909,500,1054,2176,3246
Middels_90,MIP_vektet,3911,500,1104,2262,3379
Middels_90,MIP_vektet,4001,500,1084,2245,3330
Middels_90,MIP_vektet,4003,500,1062,2193,3332
Middels_90,MIP_vektet,4005,500,695,1521,2349
Middels_90,MIP_vektet,4010,500,775,1689,2560
Middels_90,MIP_vektet,4012,500,1097,2250,3356
Middels_90,MIP_vektet,4014,500,1076,2222,3323
Middels_90,MIP_vektet,4016,500,1091,2233,3344
Middels_90,MIP_vektet,4018,500,1061,2211,3317
Middels_90,MIP_vektet,4020,500,76,159,236
Middels_90,MIP_vektet,4022,500,689,1572,2414
Middels_90,MIP_vektet,4024,500,719,1590,2450
Middels_90,MIP_vektet,4026,500,443,1118,1894
Middels_90,MIP_vektet,4028,500,745,1646,2490
Middels_90,MIP_vektet,4030,500,723,1629,2467
Middels_90,MIP_vektet,4032,500,1030,2104,3153
Middels_90,MIP_vektet,4034,500,1068,2188,3254
Middels_90,MIP_vektet,4036,500,1101,2255,3351
Middels_90,MIP_vektet,4201,500,457,981,1586
Middels_90,MIP_vektet,4202,500,445,984,1607
Middels_90,MIP_vektet,4203,500,901,1844,2751
Middels_90,MIP_vektet,4204,500,902,1848,2743
Middels_90,MIP_vektet,4205,500,863,1785,2673
Middels_90,MIP_vektet,4206,500,451,970,1526
Middels_90,MIP_vektet,4207,500,624,1350,2063
Middels_90,MIP_vektet,4211,500,513,1104,1723
Middels_90,MIP_vektet,4212,500,376,883,1452
Middels_90,MIP_vektet,4213,500,403,929,1502
Middels_90,MIP_vektet,4214,500,510,1111,1733
Middels_90,MIP_vektet,4215,500,464,1007,1608
Middels_90,MIP_vektet,4216,500,320,751,1314
Middels_90,MIP_vektet,4217,500,257,671,1179
Middels_90,MIP_vektet,4218,500,508,1100,1713
Middels_90,MIP_vektet,4219,500,912,1843,2747
Middels_90,MIP_vektet,4220,500,314,720,1230
Middels_90,MIP_vektet,4221,500,613,1309,1985
Middels_90,MIP_vektet,4222,500,824,1713,2554
Middels_90,MIP_vektet,4223,500,941,1894,2824
Middels_90,MIP_vektet,4224,500,918,1856,2764
Middels_90,MIP_vektet,4225,500,902,1893,2824
Middels_90,MIP_vektet,4226,500,80,164,243
Middels_90,MIP_vektet,4227,500,291,697,1188
Middels_90,MIP_vektet,4228,500,606,1270,1964
Middels_90,MIP_vektet,4601,500,292,2261,3472
Middels_90,MIP_vektet,4602,500,331,1159,3316
Middels_90,MIP_vektet,4611,500,303,831,1652
Middels_90,MIP_vektet,4612,500,1101,2385,3564
Middels_90,MIP_vektet,4613,500,1166,2412,3582
Middels_90,MIP_vektet,4614,500,1143,2399,3571
Middels_90,MIP_vektet,4615,500,81,168,250
Middels_90,MIP_vektet,4616,500,86,175,259
Middels_90,MIP_vektet,4617,500,292,741,1466
Middels_90,MIP_vektet,4618,500,397,923,1734
Middels_90,MIP_vektet,4619,500,244,607,1348
Middels_90,MIP_vektet,4620,500,549,1179,1760
Middels_90,MIP_vektet,4621,500,159,353,703
Middels_90,MIP_vektet,4622,500,328,871,1600
Middels_90,MIP_vektet,4623,500,628,1300,1972
Middels_90,MIP_vektet,4624,500,423,1049,1721
Middels_90,MIP_vektet,4625,500,86,178,263
Middels_90,MIP_vektet,4626,500,416,1076,1790
Middels_90,MIP_vektet,4627,500,627,1291,1959
Middels_90,MIP_vektet,4628,500,1156,2329,3477
Middels_90,MIP_vektet,4629,500,87,179,265
Middels_90,MIP_vektet,4630,500,1159,2339,3494
Middels_90,MIP_vektet,4631,500,1137,2325,3470
Middels_90,MIP_vektet,4632,500,636,1348,2022
Middels_90,MIP_vektet,4633,500,87,179,266
Middels_90,MIP_vektet,4634,500,1140,2342,3499
Middels_90,MIP_vektet,4635,500,1152,2338,3505
Middels_90,MIP_vektet,4636,500,635,1339,2013
Middels_90,MIP_vektet,4637,500,611,1289,1944
Middels_90,MIP_vektet,4638,500,564,2006,3462
Middels_90,MIP_vektet,4639,500,380,1289,3318
Middels_90,MIP_vektet,4640,500,233,594,2414
Middels_90,MIP_vektet,4641,500,275,725,2804
Middels_90,MIP_vektet,4642,500,363,969,3009
Middels_90,MIP_vektet,4643,500,454,1095,1739
Middels_90,MIP_vektet,4644,500,202,511,1065
Middels_90,MIP_vektet,4645,500,578,1230,1854
Middels_90,MIP_vektet,4646,500,586,1240,1897
Middels_90,MIP_vektet,4647,500,181,451,830
Middels_90,MIP_vektet,4648,500,536,1945,3448
Middels_90,MIP_vektet,4649,500,270,719,2985
Middels_90,MIP_vektet,4650,500,361,948,3163
Middels_90,MIP_vektet,4651,500,257,673,2798
Middels_90,MIP_vektet,5001,500,331,888,1743
Middels_90,MIP_vektet,5006,500,94,194,287
Middels_90,MIP_vektet,5007,500,97,202,300
Middels_90,MIP_vektet,5014,500,101,208,308
Middels_90,MIP_vektet,5020,500,102,209,312
Middels_90,MIP_vektet,5021,500,186,378,726
Middels_90,MIP_vektet,5022,500,107,217,325
Middels_90,MIP_vektet,5025,500,209,516,1112
Middels_90,MIP_vektet,5026,500,404,913,1539
Middels_90,MIP_vektet,5027,500,269,1958,3071
Middels_90,MIP_vektet,5028,500,956,2166,3273
Middels_90,MIP_vektet,5029,500,1074,2191,3308
Middels_90,MIP_vektet,5031,500,108,221,328
Middels_90,MIP_vektet,5032,500,395,917,1596
Middels_90,MIP_vektet,5033,500,313,829,1615
Middels_90,MIP_vektet,5034,500,346,874,1546
Middels_90,MIP_vektet,5035,500,270,711,1475
Middels_90,MIP_vektet,5036,500,109,223,333
Middels_90,MIP_vektet,5037,500,114,235,349
Middels_90,MIP_vektet,5038,500,360,898,1651
Middels_90,MIP_vektet,5041,500,264,615,1106
Middels_90,MIP_vektet,5042,500,271,578,1090
Middels_90,MIP_vektet,5043,500,614,1266,1910
Middels_90,MIP_vektet,5044,500,544,1139,1743
Middels_90,MIP_vektet,5045,500,439,980,1670
Middels_90,MIP_vektet,5046,500,649,1329,1978
Middels_90,MIP_vektet,5047,500,576,1243,1936
Middels_90,MIP_vektet,5049,500,668,1375,2026
Middels_90,MIP_vektet,5052,500,115,236,349
Middels_90,MIP_vektet,5053,500,523,1184,1939
Middels_90,MIP_vektet,5054,500,285,738,1539
Middels_90,MIP_vektet,5055,500,366,861,1622
Middels_90,MIP_vektet,5056,500,514,1155,1839
Middels_90,MIP_vektet,5057,500,116,238,355
Middels_90,MIP_vektet,5058,500,381,850,1610
Middels_90,MIP_vektet,5059,500,208,1531,3113
Middels_90,MIP_vektet,5060,500,121,245,367
Middels_90,MIP_vektet,5061,500,559,1257,1886
Middels_90,MIP_vektet,5501,500,1066,2319,3598
Middels_90,MIP_vektet,5503,500,807,1594,2414
Middels_90,MIP_vektet,5510,500,122,251,375
Middels_90,MIP_vektet,5512,500,394,1068,1824
Middels_90,MIP_vektet,5514,500,675,1383,2092
Middels_90,MIP_vektet,5516,500,807,1657,2468
Middels_90,MIP_vektet,5518,500,806,1648,2481
Middels_90,MIP_vektet,5520,500,784,1556,2331
Middels_90,MIP_vektet,5522,500,805,1628,2446
Middels_90,MIP_vektet,5524,500,698,1414,2135
Middels_90,MIP_vektet,5526,500,629,1358,2096
Middels_90,MIP_vektet,5528,500,710,1460,2183
Middels_90,MIP_vektet,5530,500,186,463,1106
Middels_90,MIP_vektet,5532,500,705,1450,2173
Middels_90,MIP_vektet,5534,500,408,1048,1746
Middels_90,MIP_vektet,5536,500,550,1217,1959
Middels_90,MIP_vektet,5538,500,124,256,378
Middels_90,MIP_vektet,5540,500,124,257,383
Middels_90,MIP_vektet,5542,500,709,1463,2198
Middels_90,MIP_vektet,5544,500,170,409,831
Middels_90,MIP_vektet,5546,500,363,830,1482
Middels_90,MIP_vektet,5601,500,282,610,1081
Middels_90,MIP_vektet,5603,500,227,547,1090
Middels_90,MIP_vektet,5605,500,201,481,822
Middels_90,MIP_vektet,5607,500,418,961,1642
Middels_90,MIP_vektet,5610,500,235,487,879
Middels_90,MIP_vektet,5612,500,235,496,825
Middels_90,MIP_vektet,5614,500,673,1343,2054
Middels_90,MIP_vektet,5616,500,691,1376,2097
Middels_90,MIP_vektet,5618,500,571,1202,1931
Middels_90,MIP_vektet,5620,500,590,1251,1938
Middels_90,MIP_vektet,5622,500,339,780,1499
Middels_90,MIP_vektet,5624,500,233,552,1029
Middels_90,MIP_vektet,5626,500,125,258,384
Middels_90,MIP_vektet,5628,500,193,413,717
Middels_90,MIP_vektet,5630,500,125,259,385
Middels_90,MIP_vektet,5632,500,128,262,388
Middels_90,MIP_vektet,5634,500,128,263,389
Middels_90,MIP_vektet,5636,500,342,913,1628
Samferdsel_96,MIP_vektet,0301,500,66,316,1092
Samferdsel_96,MIP_vektet,1101,500,118,453,1151
Samferdsel_96,MIP_vektet,1103,500,101,383,979
Samferdsel_96,MIP_vektet,1106,500,189,685,1699
Samferdsel_96,MIP_vektet,1108,500,172,625,1571
Samferdsel_96,MIP_vektet,1111,500,119,456,1153
Samferdsel_96,MIP_vektet,1112,500,119,453,1154
Samferdsel_96,MIP_vektet,1114,500,118,451,1146
Samferdsel_96,MIP_vektet,1119,500,102,391,1026
Samferdsel_96,MIP_vektet,1120,500,117,441,1140
Samferdsel_96,MIP_vektet,1121,500,108,411,1077
Samferdsel_96,MIP_vektet,1122,500,90,356,935
Samferdsel_96,MIP_vektet,1124,500,189,687,1690
Samferdsel_96,MIP_vektet,1127,500,189,692,1700
Samferdsel_96,MIP_vektet,1130,500,108,417,1014
Samferdsel_96,MIP_vektet,1133,500,87,329,823
Samferdsel_96,MIP_vektet,1134,500,70,277,738
Samferdsel_96,MIP_vektet,1135,500,108,404,1056
Samferdsel_96,MIP_vektet,1144,500,189,696,1700
Samferdsel_96,MIP_vektet,1145,500,189,690,1699
Samferdsel_96,MIP_vektet,1146,500,186,677,1678
Samferdsel_96,MIP_vektet,1149,500,186,685,1687
Samferdsel_96,MIP_vektet,1151,500,191,696,1700
Samferdsel_96,MIP_vektet,1160,500,181,671,1644
Samferdsel_96,MIP_vektet,1505,500,73,286,726
Samferdsel_96,MIP_vektet,1506,500,251,745,1859
Samferdsel_96,MIP_vektet,1508,500,221,713,1791
Samferdsel_96,MIP_vektet,1511,500,0,0,4
Samferdsel_96,MIP_vektet,1514,500,0,3,5
Samferdsel_96,MIP_vektet,1515,500,0,4,7
Samferdsel_96,MIP_vektet,1516,500,0,4,10
Samferdsel_96,MIP_vektet,1517,500,0,5,11
Samferdsel_96,MIP_vektet,1520,500,3,6,18
Samferdsel_96,MIP_vektet,1525,500,220,711,1762
Samferdsel_96,MIP_vektet,1528,500,227,726,1797
Samferdsel_96,MIP_vektet,1531,500,3,7,19
Samferdsel_96,MIP_vektet,1532,500,3,7,20
Samferdsel_96,MIP_vektet,1535,500,255,766,1875
Samferdsel_96,MIP_vektet,1539,500,4,11,27
Samferdsel_96,MIP_vektet,1547,500,74,298,840
Samferdsel_96,MIP_vektet,1554,500,70,277,697
Samferdsel_96,MIP_vektet,1557,500,67,262,685
Samferdsel_96,MIP_vektet,1560,500,65,264,662
Samferdsel_96,MIP_vektet,1563,500,220,711,1774
Samferdsel_96,MIP_vektet,1566,500,46,194,517
Samferdsel_96,MIP_vektet,1573,500,4,12,28
Samferdsel_96,MIP_vektet,1576,500,60,247,655
Samferdsel_96,MIP_vektet,1577,500,4,13,34
Samferdsel_96,MIP_vektet,1578,500,223,722,1782
Samferdsel_96,MIP_vektet,1579,500,59,229,615
Samferdsel_96,MIP_vektet,1580,500,227,719,1785
Samferdsel_96,MIP_vektet,1804,500,33,153,515
Samferdsel_96,MIP_vektet,1806,500,108,411,1055
Samferdsel_96,MIP_vektet,1811,500,81,347,959
Samferdsel_96,MIP_vektet,1812,500,160,593,1454
Samferdsel_96,MIP_vektet,1813,500,68,300,830
Samferdsel_96,MIP_vektet,1815,500,166,611,1489
Samferdsel_96,MIP_vektet,1816,500,145,560,1385
Samferdsel_96,MIP_vektet,1818,500,168,615,1536
Samferdsel_96,MIP_vektet,1820,500,158,577,1453
Samferdsel_96,MIP_vektet,1822,500,142,538,1326
Samferdsel_96,MIP_vektet,1824,500,74,279,725
Samferdsel_96,MIP_vektet,1825,500,39,169,502
Samferdsel_96,MIP_vektet,1826,500,52,221,621
Samferdsel_96,MIP_vektet,1827,500,164,600,1497
Samferdsel_96,MIP_vektet,1828,500,165,701,1848
Samferdsel_96,MIP_vektet,1832,500,181,684,1691
Samferdsel_96,MIP_vektet,1833,500,101,400,1014
Samferdsel_96,MIP_vektet,1834,500,188,740,1846
Samferdsel_96,MIP_vektet,1835,500,171,616,1540
Samferdsel_96,MIP_vektet,1836,500,133,526,1306
Samferdsel_96,MIP_vektet,1837,500,185,721,1799
Samferdsel_96,MIP_vektet,1838,500,131,482,1284
Samferdsel_96,MIP_vektet,1839,500,63,281,880
Samferdsel_96,MIP_vektet,1840,500,42,173,479
Samferdsel_96,MIP_vektet,1841,500,62,260,853
Samferdsel_96,MIP_vektet,1845,500,62,255,781
Samferdsel_96,MIP_vektet,1848,500,76,320,983
Samferdsel_96,MIP_vektet,1851,500,144,539,1340
Samferdsel_96,MIP_vektet,1853,500,151,553,1399
Samferdsel_96,MIP_vektet,1856,500,171,616,1540
Samferdsel_96,MIP_vektet,1857,500,171,616,1540
Samferdsel_96,MIP_vektet,1859,500,164,594,1469
Samferdsel_96,MIP_vektet,1860,500,111,431,1221
Samferdsel_96,MIP_vektet,1865,500,130,503,1285
Samferdsel_96,MIP_vektet,1866,500,91,416,1126
Samferdsel_96,MIP_vektet,1867,500,160,587,1498
Samferdsel_96,MIP_vektet,1868,500,4,14,38
Samferdsel_96,MIP_vektet,1870,500,87,372,1064
Samferdsel_96,MIP_vektet,1871,500,59,267,924
Samferdsel_96,MIP_vektet,1874,500,168,614,1538
Samferdsel_96,MIP_vektet,1875,500,33,160,460
Samferdsel_96,MIP_vektet,3101,500,5,19,47
Samferdsel_96,MIP_vektet,3103,500,164,597,1519
Samferdsel_96,MIP_vektet,3105,500,104,441,1348
Samferdsel_96,MIP_vektet,3107,500,125,480,1287
Samferdsel_96,MIP_vektet,3110,500,167,610,1545
Samferdsel_96,MIP_vektet,3112,500,5,19,48
Samferdsel_96,MIP_vektet,3114,500,154,569,1518
Samferdsel_96,MIP_vektet,3116,500,171,619,1593
Samferdsel_96,MIP_vektet,3118,500,61,289,993
Samferdsel_96,MIP_vektet,3120,500,171,619,1596
Samferdsel_96,MIP_vektet,3122,500,5,20,49
Samferdsel_96,MIP_vektet,3124,500,6,20,52
Samferdsel_96,MIP_vektet,3201,500,251,754,1888
Samferdsel_96,MIP_vektet,3203,500,250,747,1880
Samferdsel_96,MIP_vektet,3205,500,104,465,1335
Samferdsel_96,MIP_vektet,3207,500,6,24,56
Samferdsel_96,MIP_vektet,3209,500,152,560,1435
Samferdsel_96,MIP_vektet,3212,500,6,25,60
Samferdsel_96,MIP_vektet,3214,500,6,26,63
Samferdsel_96,MIP_vektet,3216,500,7,27,67
Samferdsel_96,MIP_vektet,3218,500,7,27,69
Samferdsel_96,MIP_vektet,3220,500,7,28,73
Samferdsel_96,MIP_vektet,3222,500,168,614,1569
Samferdsel_96,MIP_vektet,3224,500,7,31,75
Samferdsel_96,MIP_vektet,3226,500,47,237,872
Samferdsel_96,MIP_vektet,3228,500,83,385,1196
Samferdsel_96,MIP_vektet,3230,500,10,31,76
Samferdsel_96,MIP_vektet,3232,500,154,570,1467
Samferdsel_96,MIP_vektet,3234,500,10,33,81
Samferdsel_96,MIP_vektet,3236,500,10,33,83
Samferdsel_96,MIP_vektet,3238,500,10,35,88
Samferdsel_96,MIP_vektet,3240,500,11,38,91
Samferdsel_96,MIP_vektet,3242,500,11,39,96
Samferdsel_96,MIP_vektet,3301,500,111,453,1371
Samferdsel_96,MIP_vektet,3303,500,48,215,837
Samferdsel_96,MIP_vektet,3305,500,39,153,420
Samferdsel_96,MIP_vektet,3310,500,11,40,98
Samferdsel_96,MIP_vektet,3312,500,144,535,1392
Samferdsel_96,MIP_vektet,3314,500,130,479,1357
Samferdsel_96,MIP_vektet,3316,500,75,348,1243
Samferdsel_96,MIP_vektet,3318,500,12,41,104
Samferdsel_96,MIP_vektet,3320,500,88,417,1256
Samferdsel_96,MIP_vektet,3322,500,60,272,983
Samferdsel_96,MIP_vektet,3324,500,79,373,1209
Samferdsel_96,MIP_vektet,3326,500,89,397,1201
Samferdsel_96,MIP_vektet,3328,500,40,188,707
Samferdsel_96,MIP_vektet,3330,500,38,200,689
Samferdsel_96,MIP_vektet,3332,500,49,226,692
Samferdsel_96,MIP_vektet,3334,500,12,46,112
Samferdsel_96,MIP_vektet,3336,500,153,567,1452
Samferdsel_96,MIP_vektet,3338,500,34,159,458
Samferdsel_96,MIP_vektet,3401,500,103,418,1099
Samferdsel_96,MIP_vektet,3403,500,229,738,1831
Samferdsel_96,MIP_vektet,3405,500,165,597,1502
Samferdsel_96,MIP_vektet,3407,500,277,815,2026
Samferdsel_96,MIP_vektet,3411,500,228,731,1823
Samferdsel_96,MIP_vektet,3412,500,229,738,1830
Samferdsel_96,MIP_vektet,3413,500,103,421,1105
Samferdsel_96,MIP_vektet,3414,500,13,47,116
Samferdsel_96,MIP_vektet,3415,500,13,48,119
Samferdsel_96,MIP_vektet,3416,500,13,49,125
Samferdsel_96,MIP_vektet,3417,500,14,52,129
Samferdsel_96,MIP_vektet,3418,500,14,54,132
Samferdsel_96,MIP_vektet,3419,500,228,736,1839
Samferdsel_96,MIP_vektet,3420,500,228,730,1826
Samferdsel_96,MIP_vektet,3421,500,226,724,1806
Samferdsel_96,MIP_vektet,3422,500,223,718,1783
Samferdsel_96,MIP_vektet,3423,500,214,708,1757
Samferdsel_96,MIP_vektet,3424,500,168,624,1559
Samferdsel_96,MIP_vektet,3425,500,177,636,1559
Samferdsel_96,MIP_vektet,3426,500,178,638,1566
Samferdsel_96,MIP_vektet,3427,500,158,592,1428
Samferdsel_96,MIP_vektet,3428,500,164,601,1495
Samferdsel_96,MIP_vektet,3429,500,175,636,1575
Samferdsel_96,MIP_vektet,3430,500,178,645,1571
Samferdsel_96,MIP_vektet,3431,500,156,581,1445
Samferdsel_96,MIP_vektet,3432,500,175,650,1622
Samferdsel_96,MIP_vektet,3433,500,166,633,1512
Samferdsel_96,MIP_vektet,3434,500,152,574,1436
Samferdsel_96,MIP_vektet,3435,500,147,547,1391
Samferdsel_96,MIP_vektet,3436,500,146,545,1350
Samferdsel_96,MIP_vektet,3437,500,153,582,1407
Samferdsel_96,MIP_vektet,3438,500,160,594,1441
Samferdsel_96,MIP_vektet,3439,500,39,181,531
Samferdsel_96,MIP_vektet,3440,500,61,294,865
Samferdsel_96,MIP_vektet,3441,500,45,207,698
Samferdsel_96,MIP_vektet,3442,500,255,746,1901
Samferdsel_96,MIP_vektet,3443,500,259,783,1938
Samferdsel_96,MIP_vektet,3446,500,84,340,944
Samferdsel_96,MIP_vektet,3447,500,158,669,1851
Samferdsel_96,MIP_vektet,3448,500,273,816,2029
Samferdsel_96,MIP_vektet,3449,500,48,228,761
Samferdsel_96,MIP_vektet,3450,500,167,620,1516
Samferdsel_96,MIP_vektet,3451,500,154,575,1425
Samferdsel_96,MIP_vektet,3452,500,84,356,979
Samferdsel_96,MIP_vektet,3453,500,73,302,895
Samferdsel_96,MIP_vektet,3454,500,55,283,810
Samferdsel_96,MIP_vektet,3901,500,270,810,1995
Samferdsel_96,MIP_vektet,3903,500,256,779,1925
Samferdsel_96,MIP_vektet,3905,500,259,790,1936
Samferdsel_96,MIP_vektet,3907,500,256,767,1928
Samferdsel_96,MIP_vektet,3909,500,263,797,1973
Samferdsel_96,MIP_vektet,3911,500,269,807,2006
Samferdsel_96,MIP_vektet,4001,500,264,797,1984
Samferdsel_96,MIP_vektet,4003,500,251,757,1888
Samferdsel_96,MIP_vektet,4005,500,132,529,1259
Samferdsel_96,MIP_vektet,4010,500,151,573,1428
Samferdsel_96,MIP_vektet,4012,500,265,799,1978
Samferdsel_96,MIP_vektet,4014,500,264,794,1967
Samferdsel_96,MIP_vektet,4016,500,266,803,1972
Samferdsel_96,MIP_vektet,4018,500,262,790,1984
Samferdsel_96,MIP_vektet,4020,500,17,56,140
Samferdsel_96,MIP_vektet,4022,500,137,522,1326
Samferdsel_96,MIP_vektet,4024,500,142,543,1341
Samferdsel_96,MIP_vektet,4026,500,93,389,1141
Samferdsel_96,MIP_vektet,4028,500,145,549,1355
Samferdsel_96,MIP_vektet,4030,500,140,537,1326
Samferdsel_96,MIP_vektet,4032,500,255,771,1918
Samferdsel_96,MIP_vektet,4034,500,265,810,2000
Samferdsel_96,MIP_vektet,4036,500,259,785,1986
Samferdsel_96,MIP_vektet,4201,500,97,381,1006
Samferdsel_96,MIP_vektet,4202,500,96,375,1041
Samferdsel_96,MIP_vektet,4203,500,186,678,1669
Samferdsel_96,MIP_vektet,4204,500,185,670,1690
Samferdsel_96,MIP_vektet,4205,500,187,665,1641
Samferdsel_96,MIP_vektet,4206,500,97,374,1013
Samferdsel_96,MIP_vektet,4207,500,136,516,1298
Samferdsel_96,MIP_vektet,4211,500,110,421,1096
Samferdsel_96,MIP_vektet,4212,500,88,339,909
Samferdsel_96,MIP_vektet,4213,500,90,372,991
Samferdsel_96,MIP_vektet,4214,500,110,417,1091
Samferdsel_96,MIP_vektet,4215,500,103,390,1055
Samferdsel_96,MIP_vektet,4216,500,73,291,812
Samferdsel_96,MIP_vektet,4217,500,63,269,734
Samferdsel_96,MIP_vektet,4218,500,108,418,1085
Samferdsel_96,MIP_vektet,4219,500,185,675,1686
Samferdsel_96,MIP_vektet,4220,500,69,279,748
Samferdsel_96,MIP_vektet,4221,500,129,496,1239
Samferdsel_96,MIP_vektet,4222,500,173,629,1561
Samferdsel_96,MIP_vektet,4223,500,189,691,1729
Samferdsel_96,MIP_vektet,4224,500,185,675,1698
Samferdsel_96,MIP_vektet,4225,500,171,633,1554
Samferdsel_96,MIP_vektet,4226,500,17,59,145
Samferdsel_96,MIP_vektet,4227,500,67,279,794
Samferdsel_96,MIP_vektet,4228,500,128,497,1253
Samferdsel_96,MIP_vektet,4601,500,335,793,2099
Samferdsel_96,MIP_vektet,4602,500,84,562,2015
Samferdsel_96,MIP_vektet,4611,500,81,342,917
Samferdsel_96,MIP_vektet,4612,500,354,857,2124
Samferdsel_96,MIP_vektet,4613,500,361,860,2149
Samferdsel_96,MIP_vektet,4614,500,357,858,2141
Samferdsel_96,MIP_vektet,4615,500,17,60,147
Samferdsel_96,MIP_vektet,4616,500,18,62,154
Samferdsel_96,MIP_vektet,4617,500,73,304,871
Samferdsel_96,MIP_vektet,4618,500,76,355,907
Samferdsel_96,MIP_vektet,4619,500,61,274,830
Samferdsel_96,MIP_vektet,4620,500,116,439,1085
Samferdsel_96,MIP_vektet,4621,500,38,161,440
Samferdsel_96,MIP_vektet,4622,500,74,333,977
Samferdsel_96,MIP_vektet,4623,500,131,491,1202
Samferdsel_96,MIP_vektet,4624,500,102,376,1020
Samferdsel_96,MIP_vektet,4625,500,18,62,157
Samferdsel_96,MIP_vektet,4626,500,108,403,1084
Samferdsel_96,MIP_vektet,4627,500,131,490,1194
Samferdsel_96,MIP_vektet,4628,500,313,832,2070
Samferdsel_96,MIP_vektet,4629,500,18,63,158
Samferdsel_96,MIP_vektet,4630,500,314,831,2065
Samferdsel_96,MIP_vektet,4631,500,310,827,2058
Samferdsel_96,MIP_vektet,4632,500,136,495,1216
Samferdsel_96,MIP_vektet,4633,500,18,63,158
Samferdsel_96,MIP_vektet,4634,500,314,832,2070
Samferdsel_96,MIP_vektet,4635,500,315,831,2072
Samferdsel_96,MIP_vektet,4636,500,135,497,1225
Samferdsel_96,MIP_vektet,4637,500,130,484,1165
Samferdsel_96,MIP_vektet,4638,500,235,726,2098
Samferdsel_96,MIP_vektet,4639,500,95,627,1967
Samferdsel_96,MIP_vektet,4640,500,54,293,1484
Samferdsel_96,MIP_vektet,4641,500,74,357,1606
Samferdsel_96,MIP_vektet,4642,500,89,544,1861
Samferdsel_96,MIP_vektet,4643,500,108,405,1040
Samferdsel_96,MIP_vektet,4644,500,55,232,727
Samferdsel_96,MIP_vektet,4645,500,119,454,1127
Samferdsel_96,MIP_vektet,4646,500,124,463,1111
Samferdsel_96,MIP_vektet,4647,500,34,138,360
Samferdsel_96,MIP_vektet,4648,500,239,740,2063
Samferdsel_96,MIP_vektet,4649,500,68,363,1627
Samferdsel_96,MIP_vektet,4650,500,88,460,1834
Samferdsel_96,MIP_vektet,4651,500,62,353,1552
Samferdsel_96,MIP_vektet,5001,500,68,304,949
Samferdsel_96,MIP_vektet,5006,500,19,68,171
Samferdsel_96,MIP_vektet,5007,500,20,73,179
Samferdsel_96,MIP_vektet,5014,500,20,74,182
Samferdsel_96,MIP_vektet,5020,500,20,75,186
Samferdsel_96,MIP_vektet,5021,500,74,320,951
Samferdsel_96,MIP_vektet,5022,500,21,77,193
Samferdsel_96,MIP_vektet,5025,500,42,169,560
Samferdsel_96,MIP_vektet,5026,500,73,302,904
Samferdsel_96,MIP_vektet,5027,500,34,487,1777
Samferdsel_96,MIP_vektet,5028,500,252,743,1865
Samferdsel_96,MIP_vektet,5029,500,257,778,1938
Samferdsel_96,MIP_vektet,5031,500,21,77,195
Samferdsel_96,MIP_vektet,5032,500,75,318,935
Samferdsel_96,MIP_vektet,5033,500,61,250,818
Samferdsel_96,MIP_vektet,5034,500,66,298,803
Samferdsel_96,MIP_vektet,5035,500,52,232,762
Samferdsel_96,MIP_vektet,5036,500,21,80,196
Samferdsel_96,MIP_vektet,5037,500,24,83,208
Samferdsel_96,MIP_vektet,5038,500,80,314,899
Samferdsel_96,MIP_vektet,5041,500,47,207,599
Samferdsel_96,MIP_vektet,5042,500,48,215,588
Samferdsel_96,MIP_vektet,5043,500,114,430,1120
Samferdsel_96,MIP_vektet,5044,500,101,381,1007
Samferdsel_96,MIP_vektet,5045,500,86,333,969
Samferdsel_96,MIP_vektet,5046,500,123,465,1183
Samferdsel_96,MIP_vektet,5047,500,114,418,1132
Samferdsel_96,MIP_vektet,5049,500,130,482,1216
Samferdsel_96,MIP_vektet,5052,500,24,83,208
Samferdsel_96,MIP_vektet,5053,500,104,398,1154
Samferdsel_96,MIP_vektet,5054,500,54,231,810
Samferdsel_96,MIP_vektet,5055,500,69,302,901
Samferdsel_96,MIP_vektet,5056,500,96,388,1077
Samferdsel_96,MIP_vektet,5057,500,24,84,210
Samferdsel_96,MIP_vektet,5058,500,73,304,859
Samferdsel_96,MIP_vektet,5059,500,32,256,1747
Samferdsel_96,MIP_vektet,5060,500,25,88,217
Samferdsel_96,MIP_vektet,5061,500,114,419,1158
Samferdsel_96,MIP_vektet,5501,500,151,579,1414
Samferdsel_96,MIP_vektet,5503,500,161,586,1442
Samferdsel_96,MIP_vektet,5510,500,25,89,222
Samferdsel_96,MIP_vektet,5512,500,80,335,921
Samferdsel_96,MIP_vektet,5514,500,125,451,1113
Samferdsel_96,MIP_vektet,5516,500,167,600,1491
Samferdsel_96,MIP_vektet,5518,500,167,601,1496
Samferdsel_96,MIP_vektet,5520,500,154,565,1404
Samferdsel_96,MIP_vektet,5522,500,166,600,1477
Samferdsel_96,MIP_vektet,5524,500,128,458,1109
Samferdsel_96,MIP_vektet,5526,500,118,444,1078
Samferdsel_96,MIP_vektet,5528,500,132,479,1167
Samferdsel_96,MIP_vektet,5530,500,34,161,507
Samferdsel_96,MIP_vektet,5532,500,130,477,1141
Samferdsel_96,MIP_vektet,5534,500,82,332,824
Samferdsel_96,MIP_vektet,5536,500,102,389,928
Samferdsel_96,MIP_vektet,5538,500,25,90,224
Samferdsel_96,MIP_vektet,5540,500,25,91,228
Samferdsel_96,MIP_vektet,5542,500,132,477,1166
Samferdsel_96,MIP_vektet,5544,500,31,142,403
Samferdsel_96,MIP_vektet,5546,500,69,263,686
Samferdsel_96,MIP_vektet,5601,500,52,196,542
Samferdsel_96,MIP_vektet,5603,500,46,174,524
Samferdsel_96,MIP_vektet,5605,500,31,132,395
Samferdsel_96,MIP_vektet,5607,500,69,294,791
Samferdsel_96,MIP_vektet,5610,500,39,154,416
Samferdsel_96,MIP_vektet,5612,500,42,174,458
Samferdsel_96,MIP_vektet,5614,500,117,432,1048
Samferdsel_96,MIP_vektet,5616,500,123,451,1099
Samferdsel_96,MIP_vektet,5618,500,103,382,944
Samferdsel_96,MIP_vektet,5620,500,104,397,965
Samferdsel_96,MIP_vektet,5622,500,67,290,839
Samferdsel_96,MIP_vektet,5624,500,46,193,476
Samferdsel_96,MIP_vektet,5626,500,25,91,228
Samferdsel_96,MIP_vektet,5628,500,31,131,355
Samferdsel_96,MIP_vektet,5630,500,26,91,229
Samferdsel_96,MIP_vektet,5632,500,26,92,230
Samferdsel_96,MIP_vektet,5634,500,26,94,231
Samferdsel_96,MIP_vektet,5636,500,69,290,756
