Scenario,iter,Varighet_Dager,Kartkontor_Dager,Sampled_Manuell_Takt,Sampled_Automasjon,Sampled_Throughput
Basis_85,0,3423,433,312.4,0.8548,1075.9
Basis_85,1,4051,403,305.0,0.8323,909.1
Basis_85,2,4066,409,324.5,0.8209,905.8
Basis_85,3,3856,405,300.6,0.8426,955.2
Basis_85,4,3623,427,288.0,0.8584,1016.6
Basis_85,5,3072,398,320.6,0.8663,1198.9
Basis_85,6,4233,426,291.2,0.8327,870.3
Basis_85,7,4294,432,282.7,0.8353,857.9
Basis_85,8,4049,427,279.5,0.8464,909.8
Basis_85,9,4123,426,309.7,0.8267,893.3
Basis_85,10,4533,432,305.9,0.8118,812.6
Basis_85,11,3391,411,319.0,0.8532,1086.6
Basis_85,12,1928,381,278.3,0.9272,1910.9
Basis_85,13,3654,398,282.5,0.8598,1007.9
Basis_85,14,2323,409,319.6,0.8992,1585.6
Basis_85,15,3461,431,276.2,0.8703,1064.6
Basis_85,16,2077,412,284.1,0.9199,1774.1
Basis_85,17,3479,432,315.1,0.8512,1058.6
Basis_85,18,2873,411,321.2,0.8748,1282.5
Basis_85,19,2663,427,284.9,0.897,1383.9
Basis_85,20,4122,444,309.9,0.8266,893.4
Basis_85,21,4935,357,282.2,0.8109,746.3
Basis_85,22,4142,404,287.5,0.8384,889.4
Basis_85,23,3388,363,280.1,0.8711,1086.8
Basis_85,24,3715,440,300.8,0.8483,991.6
Basis_85,25,4214,426,287.2,0.8357,874.0
Basis_85,26,4002,430,309.8,0.8317,920.6
Basis_85,27,2385,432,302.9,0.9019,1544.7
Basis_85,28,3918,412,295.3,0.843,940.0
Basis_85,29,3164,404,284.4,0.8778,1164.0
Basis_85,30,3743,426,303.5,0.8458,984.1
Basis_85,31,3581,426,286.2,0.8609,1028.8
Basis_85,32,3283,406,307.1,0.8632,1121.9
Basis_85,33,3136,406,287.3,0.8777,1174.4
Basis_85,34,2482,406,301.6,0.8984,1484.5
Basis_85,35,5046,405,297.1,0.7965,729.9
Basis_85,36,3909,447,319.6,0.8304,942.4
Basis_85,37,2659,404,291.4,0.8948,1385.0
Basis_85,38,3660,427,319.4,0.8413,1006.3
Basis_85,39,2946,440,288.8,0.8845,1250.1
Basis_85,40,3066,427,313.5,0.8695,1201.2
Basis_85,41,3756,426,293.3,0.8504,980.7
Basis_85,42,3441,432,322.1,0.8496,1070.7
Basis_85,43,2786,427,293.1,0.8891,1321.4
Basis_85,44,2323,431,310.5,0.9021,1585.6
Basis_85,45,2831,438,286.0,0.8901,1301.2
Basis_85,46,3808,409,302.5,0.8436,967.0
Basis_85,47,4207,432,321.2,0.8165,875.2
Basis_85,48,4039,441,313.9,0.8278,911.7
Basis_85,49,3870,433,311.1,0.8365,951.7
Basis_85,50,3479,446,317.2,0.8502,1058.7
Basis_85,51,3525,427,300.7,0.8561,1045.0
Basis_85,52,3527,426,287.3,0.8625,1044.4
Basis_85,53,3750,437,308.2,0.8431,982.1
Basis_85,54,3230,439,276.7,0.8787,1140.5
Basis_85,55,4658,349,322.4,0.7962,790.9
Basis_85,56,3693,427,300.0,0.8497,997.7
Basis_85,57,3682,431,298.4,0.8508,1000.0
Basis_85,58,4170,430,286.6,0.8378,883.4
Basis_85,59,3841,416,296.7,0.8453,958.8
Basis_85,60,2434,412,303.3,0.8998,1513.5
Basis_85,61,3191,403,295.4,0.872,1154.2
Basis_85,62,3749,426,296.7,0.849,982.7
Basis_85,63,3596,398,318.0,0.8447,1024.2
Basis_85,64,4638,426,323.2,0.7965,794.2
Basis_85,65,3531,448,321.0,0.8462,1043.6
Basis_85,66,1629,431,294.6,0.9349,2261.9
Basis_85,67,4802,409,281.9,0.8162,767.0
Basis_85,68,3660,426,301.4,0.8503,1006.5
Basis_85,69,3231,439,279.9,0.8772,1140.0
Basis_85,70,2558,427,293.5,0.8981,1440.7
Basis_85,71,3835,432,294.0,0.8469,960.2
Basis_85,72,2289,406,300.0,0.9068,1608.9
Basis_85,73,4511,427,285.7,0.8251,816.8
Basis_85,74,3519,426,320.1,0.8471,1046.7
Basis_85,75,4661,432,287.6,0.818,790.3
Basis_85,76,4137,426,294.5,0.8346,890.2
Basis_85,77,2803,427,296.4,0.8872,1314.2
Basis_85,78,4142,430,317.1,0.8217,889.3
Basis_85,79,5093,431,310.4,0.7855,723.4
Basis_85,80,3814,427,305.5,0.8418,965.6
Basis_85,81,3580,361,277.9,0.865,1029.2
Basis_85,82,3044,427,311.1,0.8714,1209.9
Basis_85,83,4325,416,287.5,0.8312,851.5
Basis_85,84,3952,447,302.3,0.8378,932.1
Basis_85,85,3758,427,296.3,0.8488,980.0
Basis_85,86,3526,411,316.4,0.8486,1044.8
Basis_85,87,2756,404,316.2,0.8817,1336.4
Basis_85,88,3216,432,292.4,0.8724,1145.4
Basis_85,89,3233,426,288.2,0.8735,1139.1
Basis_85,90,3640,397,281.3,0.861,1011.9
Basis_85,91,3272,427,280.4,0.8755,1126.1
Basis_85,92,3498,353,292.2,0.8613,1053.0
Basis_85,93,3552,413,294.3,0.8581,1037.3
Basis_85,94,2833,427,293.6,0.8871,1300.1
Basis_85,95,3058,426,300.3,0.8753,1204.2
Basis_85,96,2681,434,314.3,0.8856,1373.5
Basis_85,97,3203,432,315.1,0.8631,1150.4
Basis_85,98,3661,430,313.6,0.8442,1006.1
Basis_85,99,2930,427,300.5,0.8805,1257.3
Basis_85,100,5022,430,279.0,0.8099,733.6
Basis_85,101,3345,446,315.2,0.8568,1100.8
Basis_85,102,4750,426,286.6,0.8152,775.6
Basis_85,103,4077,448,302.2,0.8327,903.5
Basis_85,104,4023,452,308.8,0.8314,915.7
Basis_85,105,3520,403,287.5,0.8626,1046.1
Basis_85,106,3969,427,282.7,0.8477,927.9
Basis_85,107,3904,405,299.8,0.8411,943.7
Basis_85,108,2742,427,305.6,0.8862,1343.4
Basis_85,109,3554,416,310.9,0.85,1036.6
Basis_85,110,3946,427,293.0,0.843,933.3
Basis_85,111,2498,405,311.1,0.8945,1474.7
Basis_85,112,3639,427,281.1,0.8611,1012.0
Basis_85,113,3951,427,279.3,0.8502,932.4
Basis_85,114,5464,426,279.4,0.7765,625.2
Basis_85,115,2789,397,288.1,0.891,1321.2
Basis_85,116,4186,426,275.6,0.8434,879.8
Basis_85,117,3745,426,278.7,0.8583,983.2
Basis_85,118,3440,409,313.9,0.8535,1071.0
Basis_85,119,3836,427,323.5,0.8315,960.1
Basis_85,120,3805,427,302.5,0.8437,968.1
Basis_85,121,2821,427,321.0,0.8771,1305.7
Basis_85,122,4259,440,301.1,0.826,865.1
Basis_85,123,4640,426,311.0,0.8041,793.7
Basis_85,124,3969,432,305.8,0.8352,927.8
Basis_85,125,3266,427,321.2,0.8576,1127.8
Basis_85,126,4322,406,293.3,0.828,852.5
Basis_85,127,3800,405,300.6,0.8449,969.0
Basis_85,128,4214,398,277.2,0.8414,873.9
Basis_85,129,2510,411,298.1,0.8984,1467.5
Basis_85,130,3940,426,323.9,0.8267,934.7
Basis_85,131,2349,417,297.0,0.9053,1568.5
Basis_85,132,4088,399,289.1,0.8395,900.9
Basis_85,133,3366,430,321.4,0.8531,1094.1
Basis_85,134,3861,412,306.7,0.8392,954.0
Basis_85,135,3244,405,320.4,0.8589,1135.7
Basis_85,136,3000,399,317.3,0.8708,1228.2
Basis_85,137,3045,426,302.1,0.8751,1209.1
Basis_85,138,4333,427,275.3,0.8381,849.9
Basis_85,139,3589,427,290.0,0.8587,1026.4
Basis_85,140,4100,439,297.6,0.8343,898.3
Basis_85,141,4352,412,294.5,0.826,846.3
Basis_85,142,2975,406,314.7,0.8729,1237.8
Basis_85,143,3309,438,318.9,0.8568,1113.4
Basis_85,144,2383,416,310.5,0.8996,1546.6
Basis_85,145,4897,431,293.1,0.8052,752.3
Basis_85,146,4214,437,275.6,0.8423,873.8
Basis_85,147,3342,444,286.4,0.8701,1102.3
Basis_85,148,3442,405,313.4,0.8535,1070.0
Basis_85,149,3561,402,323.4,0.8437,1034.6
Basis_85,150,2881,356,293.8,0.8851,1278.9
Basis_85,151,3912,405,296.7,0.8424,941.6
Basis_85,152,3120,431,277.0,0.8827,1180.8
Basis_85,153,3360,406,304.4,0.8611,1095.8
Basis_85,154,2961,445,321.3,0.8708,1243.8
Basis_85,155,5222,440,282.8,0.7995,705.3
Basis_85,156,3584,404,308.9,0.8497,1027.7
Basis_85,157,3899,406,324.7,0.8281,944.4
Basis_85,158,3787,409,313.2,0.839,972.5
Basis_85,159,4137,403,311.0,0.8254,890.3
Basis_85,160,3065,404,278.4,0.8842,1201.9
Basis_85,161,5299,411,275.5,0.8018,695.0
Basis_85,162,3707,432,315.2,0.8414,993.8
Basis_85,163,4749,444,304.3,0.8039,775.8
Basis_85,164,2793,404,314.1,0.8809,1318.4
Basis_85,165,3337,433,294.5,0.8666,1103.9
Basis_85,166,3335,426,319.5,0.8554,1104.8
Basis_85,167,4526,409,288.2,0.823,814.0
Basis_85,168,4459,432,286.0,0.8268,825.8
Basis_85,169,3952,427,280.7,0.8495,932.3
Basis_85,170,4178,412,299.0,0.8304,881.6
Basis_85,171,2944,434,299.0,0.8805,1251.3
Basis_85,172,5093,404,280.3,0.8062,723.2
Basis_85,173,3127,426,314.9,0.8663,1177.9
Basis_85,174,1984,431,289.7,0.922,1857.4
Basis_85,175,4245,410,296.6,0.8291,867.9
Basis_85,176,4739,439,283.6,0.8175,777.1
Basis_85,177,4819,409,282.7,0.8151,764.4
Basis_85,178,3462,432,318.5,0.8503,1064.2
Basis_85,179,3633,431,279.9,0.862,1013.6
Basis_85,180,3882,412,280.0,0.8525,949.0
Basis_85,181,4437,451,305.6,0.816,830.2
Basis_85,182,4855,431,316.2,0.7917,758.7
Basis_85,183,5235,426,295.4,0.7901,703.5
Basis_85,184,2894,432,277.4,0.891,1272.9
Basis_85,185,4837,411,300.3,0.8028,761.3
Basis_85,186,3489,405,312.6,0.852,1056.0
Basis_85,187,2637,431,278.7,0.9002,1396.6
Basis_85,188,4010,411,285.6,0.8445,918.4
Basis_85,189,4385,404,293.7,0.8252,840.3
Basis_85,190,2551,431,315.0,0.891,1444.6
Basis_85,191,2538,438,320.3,0.8897,1451.8
Basis_85,192,2951,427,277.8,0.8888,1248.6
Basis_85,193,4910,398,313.6,0.791,750.3
Basis_85,194,3114,426,312.5,0.8679,1182.5
Basis_85,195,4476,434,276.1,0.8323,823.0
Basis_85,196,3611,404,302.5,0.8518,1020.1
Basis_85,197,3609,437,301.7,0.8522,1020.7
Basis_85,198,4574,427,280.9,0.8256,805.5
Basis_85,199,3609,426,294.9,0.8555,1020.8
Basis_85,200,4305,426,278.5,0.8372,855.4
Basis_85,201,3112,354,280.0,0.8817,1183.6
Basis_85,202,3497,432,313.3,0.8513,1053.4
Basis_85,203,3860,409,287.8,0.8493,954.6
Basis_85,204,2071,409,278.1,0.9218,1778.6
Basis_85,205,3457,452,287.3,0.8652,1065.6
Basis_85,206,3954,353,311.3,0.8329,931.6
Basis_85,207,2194,430,318.4,0.9052,1679.6
Basis_85,208,4079,427,280.2,0.8448,902.9
Basis_85,209,4337,406,295.6,0.826,849.3
Basis_85,210,3015,413,292.4,0.8803,1221.9
Basis_85,211,4386,354,284.2,0.8308,840.0
Basis_85,212,3707,411,289.8,0.8542,993.8
Basis_85,213,4408,434,284.2,0.83,835.7
Basis_85,214,2516,433,317.6,0.8916,1464.5
Basis_85,215,3490,426,283.6,0.8657,1055.5
Basis_85,216,3836,426,320.7,0.8329,959.9
Basis_85,217,3940,409,292.7,0.8435,934.8
Basis_85,218,3328,433,302.0,0.8636,1107.0
Basis_85,219,3252,426,309.2,0.8636,1132.9
Basis_85,220,3811,405,275.7,0.8574,966.9
Basis_85,221,3765,430,322.0,0.8355,978.4
Basis_85,222,2776,427,318.5,0.88,1327.0
Basis_85,223,4546,405,289.6,0.8213,810.5
Basis_85,224,3987,397,324.6,0.8244,924.1
Basis_85,225,2201,432,319.4,0.9046,1674.6
Basis_85,226,4289,426,315.5,0.8163,858.9
Basis_85,227,3146,437,281.3,0.8799,1170.9
Basis_85,228,3612,430,303.5,0.8512,1019.6
Basis_85,229,3703,416,290.2,0.8541,994.3
Basis_85,230,3050,437,322.3,0.8665,1207.6
Basis_85,231,2831,403,305.0,0.8828,1301.5
Basis_85,232,4513,427,285.1,0.8253,816.1
Basis_85,233,3465,405,300.9,0.8584,1062.8
Basis_85,234,4375,432,291.7,0.8267,841.8
Basis_85,235,5017,413,294.9,0.7992,734.2
Basis_85,236,3372,431,320.0,0.8535,1092.2
Basis_85,237,2083,405,317.0,0.9104,1768.2
Basis_85,238,4288,405,319.2,0.8142,859.2
Basis_85,239,4044,446,310.2,0.8297,910.7
Basis_85,240,2940,404,310.3,0.8761,1252.5
Basis_85,241,2763,437,291.3,0.8908,1333.2
Basis_85,242,3911,402,289.3,0.8464,941.7
Basis_85,243,4218,402,289.0,0.8345,873.4
Basis_85,244,3962,403,288.1,0.8451,929.6
Basis_85,245,3120,433,279.6,0.8816,1180.6
Basis_85,246,3293,426,285.7,0.8724,1119.1
Basis_85,247,4177,412,306.2,0.8264,881.9
Basis_85,248,3638,409,295.0,0.8543,1012.4
Basis_85,249,3392,447,301.6,0.8611,1085.8
Basis_85,250,2068,399,305.4,0.9143,1782.5
Basis_85,251,1945,427,288.9,0.9237,1893.5
Basis_85,252,3100,437,289.8,0.878,1188.0
Basis_85,253,4312,440,300.0,0.8244,854.2
Basis_85,254,3772,409,300.6,0.8461,976.3
Basis_85,255,3877,430,312.3,0.8356,949.9
Basis_85,256,3617,426,296.5,0.8544,1018.3
Basis_85,257,4289,433,316.0,0.816,858.9
Basis_85,258,4553,403,284.3,0.8244,809.2
Basis_85,259,3274,433,296.5,0.8682,1125.0
Basis_85,260,3876,439,293.4,0.8456,950.3
Basis_85,261,4472,431,275.6,0.8327,823.6
Basis_85,262,5236,405,293.5,0.7914,703.4
Basis_85,263,3395,426,303.0,0.8604,1084.8
Basis_85,264,2873,426,301.2,0.8826,1282.7
Basis_85,265,3800,433,315.1,0.8374,969.2
Basis_85,266,4051,431,276.3,0.848,909.2
Basis_85,267,4851,404,308.4,0.7969,759.2
Basis_85,268,4820,441,295.7,0.8066,764.3
Basis_85,269,3220,406,291.0,0.8728,1143.6
Basis_85,270,2363,432,295.0,0.9054,1559.4
Basis_85,271,4057,405,275.9,0.8481,907.9
Basis_85,272,3722,433,299.8,0.8485,989.6
Basis_85,273,2853,427,282.5,0.8906,1291.4
Basis_85,274,3532,411,301.8,0.8554,1043.2
Basis_85,275,3799,405,305.1,0.8427,969.6
Basis_85,276,4053,427,319.1,0.8244,908.6
Basis_85,277,4360,432,280.9,0.8337,844.6
Basis_85,278,3525,441,301.2,0.8559,1045.1
Basis_85,279,3107,409,298.6,0.8741,1185.5
Basis_85,280,4308,446,311.1,0.8181,855.3
Basis_85,281,3829,433,323.2,0.8319,961.7
Basis_85,282,2874,431,276.7,0.8921,1281.9
Basis_85,283,4611,432,322.2,0.7983,798.8
Basis_85,284,3517,410,298.6,0.8575,1047.6
Basis_85,285,3527,433,302.0,0.8554,1044.3
Basis_85,286,3888,426,323.8,0.8292,947.7
Basis_85,287,3941,432,309.3,0.8345,934.5
Basis_85,288,3622,427,292.8,0.8561,1017.0
Basis_85,289,4710,426,321.3,0.7945,782.0
Basis_85,290,4921,397,299.5,0.7999,748.4
Basis_85,291,4553,430,277.5,0.8285,809.1
Basis_85,292,3420,437,306.5,0.8577,1076.9
Basis_85,293,4009,445,305.0,0.834,918.8
Basis_85,294,3601,431,295.7,0.8555,1023.3
Basis_85,295,4406,439,311.5,0.8137,836.0
Basis_85,296,3596,411,315.7,0.8459,1024.3
Basis_85,297,3518,361,314.1,0.85,1047.3
Basis_85,298,3322,426,283.1,0.8723,1108.8
Basis_85,299,3413,419,293.3,0.8641,1079.4
Basis_85,300,4183,427,300.1,0.8296,880.7
Basis_85,301,3154,427,321.3,0.8625,1168.2
Basis_85,302,3504,399,286.0,0.864,1051.3
Basis_85,303,4046,431,292.3,0.8394,910.1
Basis_85,304,4744,433,275.2,0.8228,776.3
Basis_85,305,4007,430,294.2,0.84,919.5
Basis_85,306,3084,412,303.5,0.873,1194.7
Basis_85,307,4842,437,292.4,0.8078,760.7
Basis_85,308,4219,441,280.9,0.8391,873.0
Basis_85,309,4569,432,295.1,0.817,806.2
Basis_85,310,2349,403,317.0,0.8989,1568.2
Basis_85,311,3603,432,313.7,0.8466,1022.2
Basis_85,312,2393,427,296.9,0.9035,1538.7
Basis_85,313,3384,427,296.9,0.8636,1088.6
Basis_85,314,5379,412,277.9,0.7971,684.9
Basis_85,315,3500,363,297.3,0.8587,1052.0
Basis_85,316,3142,426,296.4,0.8736,1172.1
Basis_85,317,3792,405,306.8,0.8421,971.3
Basis_85,318,3437,426,319.7,0.8508,1071.3
Basis_85,319,2635,446,301.8,0.892,1398.0
Basis_85,320,4200,404,314.5,0.8207,876.8
Basis_85,321,4203,447,303.1,0.8271,876.5
Basis_85,322,4059,431,319.6,0.8239,907.5
Basis_85,323,3048,431,303.4,0.8745,1208.7
Basis_85,324,5444,427,277.0,0.7953,676.7
Basis_85,325,2923,430,318.0,0.8739,1260.4
Basis_85,326,3090,426,299.5,0.8744,1192.5
Basis_85,327,4269,431,301.5,0.8253,862.8
Basis_85,328,3273,426,289.7,0.8713,1125.4
Basis_85,329,2832,409,279.5,0.8926,1300.9
Basis_85,330,4400,427,299.6,0.8211,837.2
Basis_85,331,4295,441,293.8,0.8288,857.8
Basis_85,332,4941,353,293.1,0.8034,745.4
Basis_85,333,3245,427,323.2,0.8577,1135.3
Basis_85,334,2825,444,278.6,0.8932,1304.1
Basis_85,335,3605,410,314.5,0.8461,1021.7
Basis_85,336,3605,427,281.8,0.8621,1021.5
Basis_85,337,4571,459,281.3,0.8254,805.7
Basis_85,338,2895,427,311.2,0.8777,1272.3
Basis_85,339,2565,432,304.1,0.8942,1436.5
Basis_85,340,3882,427,321.8,0.8304,949.0
Basis_85,341,3415,439,317.0,0.853,1078.5
Basis_85,342,4682,426,290.3,0.8155,786.7
Basis_85,343,2254,426,322.4,0.9013,1633.9
Basis_85,344,3400,426,301.4,0.8609,1083.5
Basis_85,345,3146,431,306.8,0.869,1171.1
Basis_85,346,4534,430,319.7,0.8032,812.4
Basis_85,347,4485,427,289.7,0.8237,821.4
Basis_85,348,3896,418,298.6,0.8421,945.6
Basis_85,349,2161,431,321.0,0.9058,1704.6
Basis_85,350,1767,409,319.9,0.9233,2085.9
Basis_85,351,3905,403,296.0,0.8431,943.3
Basis_85,352,2782,427,292.0,0.8898,1324.7
Basis_85,353,4304,411,278.9,0.8371,855.7
Basis_85,354,2254,451,307.4,0.9059,1633.5
Basis_85,355,4655,427,291.7,0.8156,791.2
Basis_85,356,1153,402,295.8,0.9537,3194.2
Basis_85,357,3225,403,291.2,0.8725,1142.3
Basis_85,358,4765,444,307.8,0.8009,773.1
Basis_85,359,2373,406,305.6,0.9015,1551.3
Basis_85,360,2586,404,323.9,0.8863,1424.5
Basis_85,361,4071,412,313.6,0.8267,905.0
Basis_85,362,1862,433,319.5,0.9192,1977.6
Basis_85,363,2988,405,324.6,0.8684,1232.9
Basis_85,364,2979,409,283.6,0.8853,1236.4
Basis_85,365,3106,409,294.0,0.876,1186.0
Basis_85,366,2749,399,279.2,0.8958,1340.0
Basis_85,367,4170,426,313.2,0.8227,883.2
Basis_85,368,3400,426,324.9,0.8501,1083.6
Basis_85,369,3850,353,291.0,0.8479,956.4
Basis_85,370,4476,404,275.2,0.8328,823.0
Basis_85,371,3624,432,324.5,0.8403,1016.4
Basis_85,372,3335,451,296.7,0.8657,1104.9
Basis_85,373,2510,434,293.4,0.9,1467.8
Basis_85,374,3904,427,281.1,0.851,943.6
Basis_85,375,3486,416,307.8,0.8543,1056.3
Basis_85,376,4305,427,303.4,0.8227,855.5
Basis_85,377,3528,405,313.2,0.85,1043.9
Basis_85,378,3051,448,303.4,0.8744,1207.3
Basis_85,379,3517,419,320.6,0.847,1047.7
Basis_85,380,3456,434,322.2,0.8488,1065.7
Basis_85,381,3380,427,321.6,0.8524,1089.8
Basis_85,382,3966,427,289.3,0.8443,928.9
Basis_85,383,4164,427,278.9,0.8424,884.7
Basis_85,384,3034,444,315.8,0.87,1214.4
Basis_85,385,3500,431,275.4,0.8691,1052.0
Basis_85,386,5450,410,279.6,0.7932,676.0
Basis_85,387,3136,427,314.8,0.8659,1174.1
Basis_85,388,3727,411,292.0,0.8523,988.5
Basis_85,389,3380,361,307.3,0.859,1089.7
Basis_85,390,4158,440,281.2,0.8412,885.6
Basis_85,391,3260,433,305.0,0.8651,1130.0
Basis_85,392,3058,402,311.9,0.8705,1204.3
Basis_85,393,2498,427,282.9,0.9041,1474.7
Basis_85,394,3926,437,279.0,0.8513,938.2
Basis_85,395,3707,427,299.2,0.8495,993.8
Basis_85,396,3602,413,320.2,0.8435,1022.6
Basis_85,397,2765,453,317.2,0.8809,1331.9
Basis_85,398,3987,411,323.8,0.8248,924.1
Basis_85,399,3826,409,299.2,0.8446,962.9
Basis_85,400,4406,437,315.4,0.8114,836.1
Basis_85,401,3967,437,292.3,0.8426,928.6
Basis_85,402,3813,412,297.0,0.8463,965.9
Basis_85,403,4120,427,283.5,0.8415,894.1
Basis_85,404,3626,411,292.3,0.8561,1015.7
Basis_85,405,3035,402,285.2,0.8825,1213.7
Basis_85,406,4526,411,287.5,0.8234,813.9
Basis_85,407,3514,356,290.9,0.8612,1048.2
Basis_85,408,3132,402,304.4,0.8706,1176.4
Basis_85,409,4225,399,322.1,0.8153,871.9
Basis_85,410,3938,412,323.8,0.8269,935.4
Basis_85,411,3440,427,323.0,0.8492,1070.8
Basis_85,412,4526,432,313.6,0.8074,814.0
Basis_85,413,3297,433,324.1,0.8549,1116.8
Basis_85,414,3388,426,315.6,0.8548,1086.8
Basis_85,415,3636,439,295.7,0.8541,1013.5
Basis_85,416,4044,405,323.8,0.8223,911.0
Basis_85,417,4555,431,301.3,0.8137,808.6
Basis_85,418,4119,402,276.7,0.8454,894.5
Basis_85,419,4052,402,296.4,0.8369,908.9
Basis_85,420,3945,410,317.9,0.8298,933.8
Basis_85,421,2540,412,322.4,0.8888,1449.9
Basis_85,422,3987,412,294.2,0.8408,923.9
Basis_85,423,4841,427,303.3,0.8007,761.0
Basis_85,424,3805,411,311.8,0.8389,968.0
Basis_85,425,1516,446,312.7,0.9357,2430.1
Basis_85,426,3329,405,281.0,0.873,1106.5
Basis_85,427,3793,402,278.3,0.8567,970.9
Basis_85,428,3693,357,288.2,0.8555,997.5
Basis_85,429,4984,409,297.4,0.7987,738.9
Basis_85,430,4331,397,315.4,0.8146,850.4
Basis_85,431,3384,404,305.8,0.8595,1088.5
Basis_85,432,5450,427,277.6,0.7838,642.0
Basis_85,433,4438,399,312.2,0.8119,829.9
Basis_85,434,4667,438,306.6,0.8058,789.3
Basis_85,435,3003,356,306.1,0.8752,1226.2
Basis_85,436,3507,413,298.5,0.8579,1050.1
Basis_85,437,4007,433,275.3,0.8503,919.6
Basis_85,438,3693,432,315.9,0.8416,997.5
Basis_85,439,4414,427,316.7,0.8102,834.5
Basis_85,440,3281,397,301.7,0.8656,1122.8
Basis_85,441,3192,438,319.5,0.8615,1153.5
Basis_85,442,4897,432,276.0,0.8166,752.2
Basis_85,443,3212,439,284.5,0.876,1146.9
Basis_85,444,3877,402,306.9,0.8384,949.8
Basis_85,445,5464,444,298.8,0.7744,662.4
Basis_85,446,4921,410,316.8,0.7883,748.3
Basis_85,447,3920,431,309.8,0.8352,939.6
Basis_85,448,3749,444,301.7,0.8465,982.7
Basis_85,449,4408,432,297.9,0.8217,835.6
Basis_85,450,4297,439,286.4,0.8329,857.1
Basis_85,451,3867,433,285.3,0.8502,952.6
Basis_85,452,2232,434,321.5,0.9026,1650.3
Basis_85,453,2350,432,309.3,0.9013,1567.3
Basis_85,454,3791,437,296.7,0.8473,971.6
Basis_85,455,3275,426,284.4,0.8735,1124.4
Basis_85,456,4519,427,292.2,0.8208,815.2
Basis_85,457,3241,427,312.7,0.8624,1136.0
Basis_85,458,2714,404,295.3,0.8912,1357.1
Basis_85,459,3476,426,281.4,0.8673,1059.9
Basis_85,460,3610,426,318.7,0.8438,1020.5
Basis_85,461,3344,431,291.8,0.8675,1101.7
Basis_85,462,2763,427,276.0,0.8965,1332.9
Basis_85,463,4029,432,304.4,0.8335,914.2
Basis_85,464,3430,446,301.9,0.8594,1073.6
Basis_85,465,4032,427,281.8,0.8457,913.4
Basis_85,466,5344,431,275.3,0.8003,689.4
Basis_85,467,4647,441,305.0,0.8076,792.6
Basis_85,468,4092,406,281.1,0.8438,900.2
Basis_85,469,3274,406,293.8,0.8694,1125.2
Basis_85,470,3664,357,286.4,0.8576,1005.6
Basis_85,471,3938,431,324.4,0.8266,935.4
Basis_85,472,2268,426,302.6,0.9068,1623.6
Basis_85,473,4058,432,301.5,0.8339,907.8
Basis_85,474,3517,437,301.6,0.856,1047.4
Basis_85,475,4399,432,297.8,0.8222,837.6
Basis_85,476,2820,410,281.2,0.8923,1305.8
Basis_85,477,3909,441,313.3,0.8338,942.6
Basis_85,478,2359,427,319.8,0.8976,1561.3
Basis_85,479,4193,409,302.2,0.828,878.4
Basis_85,480,3393,426,305.2,0.8594,1085.4
Basis_85,481,2537,440,309.5,0.8934,1452.2
Basis_85,482,3357,426,290.3,0.8677,1097.2
Basis_85,483,3666,446,292.6,0.8544,1004.7
Basis_85,484,4025,399,276.9,0.8487,914.9
Basis_85,485,2646,426,311.0,0.8883,1391.6
Basis_85,486,2877,355,314.9,0.877,1280.3
Basis_85,487,3150,405,316.8,0.8645,1168.8
Basis_85,488,3575,427,311.0,0.8491,1030.5
Basis_85,489,3391,440,316.8,0.8542,1086.3
Basis_85,490,4641,427,301.3,0.8101,793.5
Basis_85,491,3282,410,281.5,0.8746,1122.3
Basis_85,492,4421,439,310.2,0.8138,833.2
Basis_85,493,4464,426,289.1,0.8248,825.2
Basis_85,494,3398,431,306.7,0.8586,1084.4
Basis_85,495,3897,427,318.4,0.8316,945.3
Basis_85,496,4332,409,288.0,0.8306,850.1
Basis_85,497,4490,405,282.9,0.8276,820.5
Basis_85,498,4261,437,284.3,0.8356,864.4
Basis_85,499,4725,403,297.3,0.8092,779.3
Middels_90,0,2316,412,278.7,0.9124,1590.6
Middels_90,1,3314,431,303.9,0.8633,1111.9
Middels_90,2,2870,405,301.2,0.8826,1283.1
Middels_90,3,2055,406,308.2,0.914,1792.6
Middels_90,4,2391,412,307.2,0.9003,1540.8
Middels_90,5,2336,405,304.5,0.9035,1576.8
Middels_90,6,2775,409,276.1,0.896,1327.5
Middels_90,7,3031,375,294.3,0.8789,1214.9
Middels_90,8,3692,412,301.8,0.8488,997.7
Middels_90,9,3006,427,323.3,0.8681,1225.7
Middels_90,10,1190,361,321.2,0.9481,3093.5
Middels_90,11,1536,427,276.4,0.9424,2399.9
Middels_90,12,4277,445,320.8,0.8138,861.1
Middels_90,13,2496,427,303.6,0.8971,1475.6
Middels_90,14,1427,411,325.0,0.937,2580.1
Middels_90,15,2464,434,295.8,0.901,1494.4
Middels_90,16,1749,404,309.0,0.9266,2106.0
Middels_90,17,2646,409,295.1,0.894,1391.8
Middels_90,18,1448,397,281.7,0.9446,2542.7
Middels_90,19,2464,404,318.2,0.8936,1494.8
Middels_90,20,3233,357,278.6,0.8778,1139.3
Middels_90,21,2663,426,314.6,0.8863,1383.3
Middels_90,22,2800,426,310.3,0.882,1315.0
Middels_90,23,3507,404,314.5,0.8502,1049.9
Middels_90,24,2414,413,322.5,0.8943,1525.2
Middels_90,25,2022,431,303.0,0.9168,1820.9
Middels_90,26,1946,412,308.9,0.9184,1891.9
Middels_90,27,2932,399,294.8,0.8826,1256.1
Middels_90,28,952,437,321.0,0.9585,3865.1
Middels_90,29,2631,406,300.5,0.8927,1400.2
Middels_90,30,1483,411,323.8,0.9348,2482.1
Middels_90,31,741,409,316.6,0.9682,4969.5
Middels_90,32,2964,350,316.1,0.8729,1243.3
Middels_90,33,2848,348,305.8,0.8818,1293.3
Middels_90,34,2567,413,287.4,0.8999,1435.0
Middels_90,35,1300,411,322.9,0.943,2833.2
Middels_90,36,3120,356,324.4,0.8626,1180.7
Middels_90,37,4143,433,283.0,0.8409,889.1
Middels_90,38,3234,405,280.4,0.8769,1138.9
Middels_90,39,2190,405,288.2,0.9143,1681.7
Middels_90,40,2236,397,290.7,0.9118,1648.0
Middels_90,41,1659,412,308.0,0.9306,2219.7
Middels_90,42,4331,405,291.6,0.8285,850.4
Middels_90,43,2902,398,313.2,0.8766,1269.2
Middels_90,44,3555,405,284.7,0.8626,1035.9
Middels_90,45,1804,409,284.8,0.9303,2042.1
Middels_90,46,550,404,275.8,0.9794,6705.7
Middels_90,47,2422,405,307.2,0.8989,1520.0
Middels_90,48,3619,409,282.6,0.8611,1017.8
Middels_90,49,3730,405,299.3,0.8485,987.6
Middels_90,50,2390,406,286.6,0.9071,1541.6
Middels_90,51,3401,354,290.1,0.8661,1083.0
Middels_90,52,1593,404,299.8,0.9352,2312.6
Middels_90,53,741,404,287.5,0.9711,4966.5
Middels_90,54,2447,410,316.4,0.8949,1505.9
Middels_90,55,2965,403,298.7,0.8798,1242.6
Middels_90,56,2422,426,305.3,0.8996,1520.4
Middels_90,57,2874,405,283.9,0.8892,1281.7
Middels_90,58,2931,355,311.5,0.8761,1256.5
Middels_90,59,2637,427,301.4,0.8921,1396.9
Middels_90,60,2671,398,299.7,0.8913,1379.0
Middels_90,61,2348,426,322.5,0.8973,1569.7
Middels_90,62,1679,433,313.2,0.9286,2194.2
Middels_90,63,2376,427,306.2,0.9013,1550.5
Middels_90,64,2301,403,322.1,0.8994,1600.5
Middels_90,65,1853,427,300.1,0.9245,1987.7
Middels_90,66,2314,413,320.6,0.8993,1592.5
Middels_90,67,1876,399,323.2,0.9177,1963.0
Middels_90,68,1232,399,287.2,0.9519,2986.8
Middels_90,69,1944,404,282.4,0.9255,1895.2
Middels_90,70,2211,347,303.7,0.9089,1665.9
Middels_90,71,2006,406,318.2,0.9134,1836.7
Middels_90,72,2826,403,311.0,0.8807,1303.3
Middels_90,73,2862,406,313.8,0.8781,1287.1
Middels_90,74,1763,406,322.0,0.9229,2089.1
Middels_90,75,3066,433,304.0,0.8735,1201.0
Middels_90,76,2666,416,291.3,0.8946,1381.1
Middels_90,77,2254,410,321.1,0.9017,1633.4
Middels_90,78,2870,437,297.9,0.8839,1283.2
Middels_90,79,2825,403,288.7,0.8893,1303.8
Middels_90,80,2341,404,277.9,0.9117,1574.2
Middels_90,81,2288,412,280.2,0.9129,1609.5
Middels_90,82,2869,437,308.9,0.8797,1283.9
Middels_90,83,2665,403,289.6,0.8953,1382.4
Middels_90,84,2758,357,306.8,0.8851,1334.8
Middels_90,85,992,418,296.6,0.9601,3715.2
Middels_90,86,4038,405,300.2,0.8354,912.1
Middels_90,87,2558,409,291.1,0.899,1440.7
Middels_90,88,3527,426,301.2,0.8558,1044.2
Middels_90,89,1424,430,277.7,0.9463,2587.1
Middels_90,90,1951,441,315.9,0.9163,1887.5
Middels_90,91,1761,410,296.7,0.9291,2092.9
Middels_90,92,3583,405,283.4,0.8622,1028.1
Middels_90,93,1963,410,313.9,0.9164,1877.4
Middels_90,94,3280,410,289.7,0.871,1123.0
Middels_90,95,734,405,320.3,0.9681,5013.8
Middels_90,96,3070,405,289.0,0.8795,1199.7
Middels_90,97,2917,406,281.9,0.8884,1262.9
Middels_90,98,1741,397,280.3,0.9338,2115.6
Middels_90,99,1692,406,316.7,0.9273,2177.6
Middels_90,100,2440,405,285.9,0.9053,1510.3
Middels_90,101,1393,402,289.6,0.9452,2643.5
Middels_90,102,3024,409,301.8,0.8761,1217.7
Middels_90,103,2243,399,319.0,0.9029,1642.5
Middels_90,104,1579,367,287.7,0.9384,2334.1
Middels_90,105,1511,410,312.4,0.9359,2437.2
Middels_90,106,2462,405,296.6,0.9009,1495.8
Middels_90,107,4200,362,297.8,0.8301,876.7
Middels_90,108,1377,406,290.8,0.9456,2674.9
Middels_90,109,1452,426,282.1,0.9444,2537.2
Middels_90,110,1515,412,310.9,0.9361,2432.0
Middels_90,111,1109,397,304.3,0.9542,3325.0
Middels_90,112,2531,427,316.2,0.8914,1455.5
Middels_90,113,2896,405,287.2,0.8871,1272.1
Middels_90,114,2000,403,310.3,0.9157,1841.2
Middels_90,115,2987,406,323.8,0.8687,1233.3
Middels_90,116,1718,403,304.1,0.9291,2144.7
Middels_90,117,3514,402,289.4,0.862,1048.1
Middels_90,118,1322,417,284.5,0.949,2786.9
Middels_90,119,2981,406,281.1,0.8863,1235.6
Middels_90,120,2240,404,318.2,0.9032,1644.0
Middels_90,121,2897,427,276.3,0.8913,1271.3
Middels_90,122,2362,409,307.7,0.9014,1560.2
Middels_90,123,2210,432,321.1,0.9036,1666.2
Middels_90,124,2779,396,292.3,0.8897,1325.2
Middels_90,125,2357,427,295.4,0.9055,1562.5
Middels_90,126,1354,406,298.9,0.9451,2721.5
Middels_90,127,2629,350,281.8,0.8995,1401.4
Middels_90,128,1372,355,315.4,0.9412,2682.9
Middels_90,129,2569,411,306.4,0.8931,1433.2
Middels_90,130,1963,357,311.5,0.9171,1877.8
Middels_90,131,2604,405,303.1,0.8929,1414.4
Middels_90,132,2036,360,307.5,0.915,1808.8
Middels_90,133,2678,409,318.1,0.8844,1375.6
Middels_90,134,2229,437,292.7,0.9114,1652.9
Middels_90,135,2909,398,282.1,0.8886,1266.6
Middels_90,136,1755,410,282.8,0.9326,2098.1
Middels_90,137,2484,399,293.5,0.901,1482.5
Middels_90,138,4004,411,279.7,0.848,919.8
Middels_90,139,1118,409,323.8,0.9509,3294.9
Middels_90,140,1841,398,314.1,0.9215,1999.6
Middels_90,141,2160,413,315.9,0.9074,1705.6
Middels_90,142,2919,413,317.1,0.8743,1261.4
Middels_90,143,2714,419,305.7,0.8874,1357.2
Middels_90,144,2127,427,323.9,0.9065,1731.6
Middels_90,145,2460,396,311.4,0.896,1497.8
Middels_90,146,2464,405,281.0,0.906,1494.6
Middels_90,147,1601,411,283.2,0.9385,2301.7
Middels_90,148,2622,411,312.0,0.889,1404.9
Middels_90,149,1539,431,323.3,0.9325,2393.9
Middels_90,150,3296,403,305.4,0.8633,1117.5
Middels_90,151,2007,426,308.2,0.916,1835.8
Middels_90,152,2397,427,277.6,0.9097,1537.6
Middels_90,153,2744,427,320.1,0.8807,1341.9
Middels_90,154,1669,396,286.9,0.9351,2208.5
Middels_90,155,2369,399,290.0,0.9068,1555.5
Middels_90,156,2114,410,276.3,0.9207,1741.5
Middels_90,157,3598,405,313.1,0.8471,1023.7
Middels_90,158,3729,404,279.2,0.8587,987.8
Middels_90,159,2981,412,303.3,0.8773,1235.8
Middels_90,160,3073,404,276.9,0.8845,1198.6
Middels_90,161,3121,410,289.2,0.8775,1180.3
Middels_90,162,2174,411,316.8,0.9066,1695.0
Middels_90,163,2840,405,292.1,0.8874,1297.2
Middels_90,164,3203,403,275.5,0.8802,1149.9
Middels_90,165,3370,403,317.9,0.8547,1093.5
Middels_90,166,2827,355,317.8,0.8781,1302.9
Middels_90,167,4093,411,276.2,0.8466,900.1
Middels_90,168,3239,364,319.9,0.8593,1137.2
Middels_90,169,2692,405,318.5,0.8836,1368.5
Middels_90,170,1616,405,300.4,0.9341,2277.9
Middels_90,171,1445,430,311.8,0.9389,2550.4
Middels_90,172,1369,420,304.4,0.9435,2692.1
Middels_90,173,3414,398,280.9,0.8698,1079.0
Middels_90,174,3017,426,322.0,0.8681,1220.8
Middels_90,175,1805,412,289.8,0.9289,2039.5
Middels_90,176,2407,432,291.7,0.9047,1530.1
Middels_90,177,2147,354,310.8,0.9094,1715.6
Middels_90,178,2988,431,286.5,0.8838,1232.4
Middels_90,179,3218,354,293.3,0.8719,1144.6
Middels_90,180,1666,350,293.9,0.9335,2209.8
Middels_90,181,2490,420,280.2,0.9053,1479.4
Middels_90,182,2335,354,296.9,0.9059,1577.8
Middels_90,183,2191,412,310.4,0.9076,1680.3
Middels_90,184,1904,404,295.7,0.9236,1934.3
Middels_90,185,1904,404,282.7,0.9269,1933.7
Middels_90,186,2138,399,322.6,0.9064,1723.5
Middels_90,187,1389,430,301.4,0.9432,2654.3
Middels_90,188,2266,434,294.1,0.9095,1625.2
Middels_90,189,2783,430,279.3,0.8945,1324.0
Middels_90,190,1992,405,275.5,0.9255,1849.2
Middels_90,191,2950,403,283.1,0.8867,1249.1
Middels_90,192,2477,432,303.3,0.898,1486.6
Middels_90,193,2610,412,308.6,0.8906,1410.7
Middels_90,194,2863,427,297.7,0.8843,1286.2
Middels_90,195,2448,405,303.9,0.899,1505.1
Middels_90,196,2945,399,310.7,0.8758,1250.8
Middels_90,197,1911,403,287.9,0.9253,1926.5
Middels_90,198,3314,432,282.9,0.8727,1111.6
Middels_90,199,1837,398,282.1,0.9297,2005.4
Middels_90,200,1893,412,282.9,0.9274,1947.1
Middels_90,201,1117,355,308.4,0.9533,3299.8
Middels_90,202,3050,413,295.1,0.8779,1207.9
Middels_90,203,2118,405,292.2,0.916,1739.8
Middels_90,204,3710,426,288.7,0.8546,992.7
Middels_90,205,3247,416,296.7,0.8692,1134.5
Middels_90,206,4245,410,298.8,0.8279,868.0
Middels_90,207,2303,404,311.1,0.9027,1598.6
Middels_90,208,2252,404,296.7,0.9093,1635.4
Middels_90,209,2786,438,281.1,0.8936,1321.7
Middels_90,210,2933,360,290.1,0.8845,1255.5
Middels_90,211,3051,426,295.5,0.8776,1207.1
Middels_90,212,2301,433,298.5,0.9068,1601.3
Middels_90,213,2685,411,306.0,0.8885,1372.3
Middels_90,214,2917,411,298.5,0.8818,1262.6
Middels_90,215,2632,431,320.0,0.8856,1398.7
Middels_90,216,1585,406,320.9,0.931,2325.6
Middels_90,217,3083,409,304.9,0.8724,1194.9
Middels_90,218,1144,405,281.5,0.9563,3222.8
Middels_90,219,2804,405,311.4,0.8815,1314.0
Middels_90,220,1987,409,282.8,0.9237,1854.1
Middels_90,221,3582,402,292.4,0.8578,1028.5
Middels_90,222,2700,398,288.3,0.8943,1364.4
Middels_90,223,2678,406,276.4,0.8995,1375.7
Middels_90,224,3727,412,314.6,0.8409,988.6
Middels_90,225,3822,356,276.6,0.8565,963.5
Middels_90,226,2259,396,277.3,0.915,1630.6
Middels_90,227,2527,430,291.5,0.9,1456.9
Middels_90,228,2617,396,322.4,0.8855,1407.6
Middels_90,229,2189,406,284.2,0.9155,1682.4
Middels_90,230,1839,427,302.9,0.9244,2002.5
Middels_90,231,3097,431,290.6,0.8779,1189.8
Middels_90,232,2845,410,302.8,0.8831,1295.2
Middels_90,233,2341,430,303.6,0.9036,1574.4
Middels_90,234,1246,406,281.5,0.9523,2953.1
Middels_90,235,3666,402,276.6,0.8624,1004.9
Middels_90,236,1742,405,305.2,0.9278,2113.4
Middels_90,237,3013,405,310.4,0.8731,1223.0
Middels_90,238,3527,399,292.5,0.8599,1044.3
Middels_90,239,2994,427,288.5,0.8827,1230.5
Middels_90,240,1340,410,307.7,0.9441,2751.4
Middels_90,241,4434,410,291.1,0.8248,830.8
Middels_90,242,2328,405,311.1,0.9017,1582.7
Middels_90,243,2225,409,285.3,0.9138,1654.9
Middels_90,244,3379,348,297.1,0.8637,1090.0
Middels_90,245,2281,405,321.4,0.9004,1614.1
Middels_90,246,2040,364,318.4,0.9118,1806.2
Middels_90,247,2996,437,285.9,0.8837,1229.4
Middels_90,248,2632,419,309.0,0.8896,1399.1
Middels_90,249,1732,346,310.9,0.9269,2127.9
Middels_90,250,2694,412,280.4,0.8975,1367.4
Middels_90,251,1852,403,284.4,0.9285,1988.9
Middels_90,252,2593,406,286.6,0.8991,1420.7
Middels_90,253,1232,434,279.7,0.9532,2989.1
Middels_90,254,1648,405,308.4,0.931,2235.8
Middels_90,255,1517,403,289.7,0.9404,2428.7
Middels_90,256,3525,432,281.9,0.8651,1045.2
Middels_90,257,2330,406,310.8,0.9017,1580.8
Middels_90,258,2124,361,312.9,0.9098,1734.9
Middels_90,259,3401,405,284.0,0.8689,1083.1
Middels_90,260,2321,406,307.5,0.9032,1587.5
Middels_90,261,2568,409,307.2,0.8929,1434.1
Middels_90,262,2692,404,277.6,0.8986,1368.4
Middels_90,263,2153,348,319.8,0.9065,1710.8
Middels_90,264,2449,412,289.0,0.9039,1503.7
Middels_90,265,2925,426,298.3,0.8816,1259.3
Middels_90,266,2328,426,321.2,0.8985,1582.1
Middels_90,267,3120,405,309.1,0.8691,1180.8
Middels_90,268,3079,399,275.4,0.8849,1196.3
Middels_90,269,1726,405,318.9,0.9253,2135.1
Middels_90,270,3367,403,278.7,0.8726,1093.9
Middels_90,271,1811,410,320.3,0.9213,2034.6
Middels_90,272,2574,404,293.1,0.8976,1431.4
Middels_90,273,3500,347,277.2,0.8683,1052.4
Middels_90,274,2702,354,307.6,0.8872,1362.9
Middels_90,275,2999,350,284.0,0.8844,1228.8
Middels_90,276,2776,412,278.6,0.895,1326.9
Middels_90,277,1818,353,309.8,0.9236,2026.4
Middels_90,278,2636,416,292.0,0.8956,1397.7
Middels_90,279,600,404,312.7,0.9745,6142.9
Middels_90,280,3475,356,316.0,0.851,1060.4
Middels_90,281,2687,356,288.7,0.8947,1370.8
Middels_90,282,3605,406,277.5,0.8642,1021.4
Middels_90,283,2874,412,300.0,0.883,1281.9
Middels_90,284,2266,419,287.8,0.9115,1625.9
Middels_90,285,798,430,324.9,0.9648,4609.2
Middels_90,286,2468,413,320.7,0.8926,1493.0
Middels_90,287,2755,405,294.6,0.8899,1337.3
Middels_90,288,1221,437,282.1,0.9533,3019.0
Middels_90,289,2952,357,292.1,0.883,1247.7
Middels_90,290,1193,434,322.1,0.9479,3091.2
Middels_90,291,2992,409,317.0,0.8712,1231.2
Middels_90,292,2999,397,298.2,0.8786,1228.4
Middels_90,293,4311,402,286.5,0.8323,854.4
Middels_90,294,1973,399,318.9,0.9146,1866.3
Middels_90,295,2280,412,303.3,0.9062,1615.7
Middels_90,296,3093,427,322.5,0.8646,1190.5
Middels_90,297,3262,403,284.7,0.8739,1129.1
Middels_90,298,2643,427,276.8,0.9007,1394.2
Middels_90,299,1918,431,292.3,0.9239,1919.9
Middels_90,300,2376,405,305.4,0.9015,1550.5
Middels_90,301,2854,403,311.1,0.8795,1291.0
Middels_90,302,2308,433,322.2,0.8991,1596.4
Middels_90,303,731,404,295.6,0.9707,5043.3
Middels_90,304,2456,418,278.4,0.9072,1499.8
Middels_90,305,2013,412,283.8,0.9225,1830.2
Middels_90,306,1953,403,317.2,0.9159,1884.9
Middels_90,307,2317,397,299.6,0.9058,1589.6
Middels_90,308,3468,406,284.0,0.8664,1062.4
Middels_90,309,2783,427,309.9,0.883,1324.1
Middels_90,310,3461,432,310.9,0.854,1064.6
Middels_90,311,1141,355,294.2,0.9544,3226.4
Middels_90,312,2741,441,319.5,0.8811,1343.8
Middels_90,313,3114,426,306.0,0.8706,1182.6
Middels_90,314,676,350,313.0,0.9713,5450.1
Middels_90,315,3846,431,305.9,0.8404,958.1
Middels_90,316,1841,360,301.4,0.9247,2000.4
Middels_90,317,3427,406,276.5,0.8714,1075.1
Middels_90,318,2250,362,309.9,0.9054,1637.6
Middels_90,319,3673,403,320.5,0.8402,1002.8
Middels_90,320,2385,396,298.5,0.9033,1544.2
Middels_90,321,2030,405,281.0,0.9226,1814.3
Middels_90,322,3002,434,294.6,0.88,1227.1
Middels_90,323,2373,416,293.2,0.9055,1551.6
Middels_90,324,3001,433,303.9,0.8762,1227.3
Middels_90,325,2016,399,304.8,0.9166,1826.8
Middels_90,326,2100,402,320.5,0.9086,1753.3
Middels_90,327,992,354,316.1,0.9575,3715.5
Middels_90,328,1824,405,307.7,0.9238,2020.1
Middels_90,329,2149,348,291.0,0.9151,1713.8
Middels_90,330,2733,399,283.7,0.8948,1348.4
Middels_90,331,2744,432,309.9,0.8845,1341.8
Middels_90,332,1379,354,306.4,0.9426,2668.7
Middels_90,333,2616,405,312.2,0.8891,1408.1
Middels_90,334,2329,410,296.6,0.9062,1582.0
Middels_90,335,2456,355,323.3,0.8922,1499.5
Middels_90,336,1911,434,315.4,0.9182,1927.2
Middels_90,337,1152,431,297.5,0.9535,3199.1
Middels_90,338,3741,405,312.5,0.8413,984.8
Middels_90,339,1105,364,323.3,0.9515,3334.3
Middels_90,340,3449,413,279.7,0.8691,1068.1
Middels_90,341,3135,427,311.5,0.8675,1175.0
Middels_90,342,1908,399,301.6,0.9219,1931.6
Middels_90,343,2205,431,324.3,0.9029,1669.5
Middels_90,344,3849,430,279.1,0.8541,956.8
Middels_90,345,1137,399,312.5,0.9518,3242.9
Middels_90,346,2069,406,304.7,0.9145,1781.2
Middels_90,347,2716,411,303.5,0.8881,1355.8
Middels_90,348,2460,431,313.9,0.8952,1497.6
Middels_90,349,3680,426,314.3,0.843,1001.1
Middels_90,350,2189,431,300.9,0.9106,1683.2
Middels_90,351,2012,397,301.2,0.9178,1831.2
Middels_90,352,2268,404,321.5,0.901,1624.0
Middels_90,353,2435,403,321.4,0.8938,1512.7
Middels_90,354,1880,406,312.4,0.9203,1960.4
Middels_90,355,1460,412,310.4,0.9385,2524.1
Middels_90,356,3776,404,278.4,0.8574,975.8
Middels_90,357,2471,409,321.7,0.8921,1490.6
Middels_90,358,2161,410,285.8,0.9161,1704.3
Middels_90,359,2790,406,297.4,0.8874,1320.2
Middels_90,360,2329,409,285.4,0.9098,1581.5
Middels_90,361,2153,433,288.6,0.9157,1710.9
Middels_90,362,2429,409,307.3,0.8987,1516.1
Middels_90,363,1011,406,307.0,0.9579,3646.0
Middels_90,364,1368,406,316.8,0.9412,2692.9
Middels_90,365,2083,397,312.6,0.9116,1768.6
Middels_90,366,1208,356,310.6,0.9491,3048.8
Middels_90,367,3160,404,298.3,0.8721,1166.0
Middels_90,368,2127,405,302.5,0.9127,1731.8
Middels_90,369,2021,405,314.0,0.9138,1822.0
Middels_90,370,1389,419,318.0,0.9401,2652.6
Middels_90,371,1347,432,291.6,0.9467,2735.7
Middels_90,372,2785,430,296.9,0.8878,1322.6
Middels_90,373,2281,433,279.5,0.9135,1614.6
Middels_90,374,2856,403,284.9,0.8895,1289.2
Middels_90,375,3261,397,280.2,0.876,1129.5
Middels_90,376,2978,405,286.7,0.8842,1237.3
Middels_90,377,1831,406,317.4,0.9212,2012.6
Middels_90,378,1505,432,311.1,0.9364,2447.1
Middels_90,379,434,434,276.6,0.9896,13285.1
Middels_90,380,2159,348,308.1,0.9097,1706.5
Middels_90,381,2117,437,320.5,0.908,1741.0
Middels_90,382,1720,409,301.4,0.9296,2142.0
Middels_90,383,2273,411,315.3,0.9027,1620.4
Middels_90,384,2121,403,282.8,0.9185,1735.6
Middels_90,385,3181,411,324.0,0.8601,1158.3
Middels_90,386,1372,413,293.5,0.9453,2682.0
Middels_90,387,3492,427,290.8,0.8621,1054.6
Middels_90,388,2132,411,283.7,0.9179,1728.5
Middels_90,389,2600,403,289.3,0.8979,1416.8
Middels_90,390,3134,412,300.2,0.8723,1175.5
Middels_90,391,2967,409,310.7,0.8749,1241.5
Middels_90,392,2764,356,298.8,0.8879,1332.1
Middels_90,393,2037,437,285.4,0.921,1807.2
Middels_90,394,2187,426,299.8,0.911,1684.4
Middels_90,395,3132,406,322.9,0.8628,1176.6
Middels_90,396,2399,405,317.1,0.8967,1535.5
Middels_90,397,2826,398,276.3,0.894,1303.3
Middels_90,398,2604,406,294.6,0.8959,1414.5
Middels_90,399,2443,404,312.6,0.8963,1507.1
Middels_90,400,3045,432,300.6,0.8757,1209.4
Middels_90,401,2114,405,321.0,0.9078,1741.5
Middels_90,402,929,403,310.3,0.9609,3962.9
Middels_90,403,4711,404,282.2,0.8195,781.8
Middels_90,404,2435,410,275.3,0.909,1512.4
Middels_90,405,3531,396,294.3,0.8589,1043.3
Middels_90,406,3360,376,275.5,0.8743,1095.9
Middels_90,407,1750,402,312.4,0.9257,2103.4
Middels_90,408,3259,419,322.5,0.8574,1130.5
Middels_90,409,2230,371,284.5,0.9139,1652.5
Middels_90,410,1411,426,314.3,0.9398,2610.4
Middels_90,411,2002,409,305.2,0.917,1838.6
Middels_90,412,2489,404,318.6,0.8924,1479.9
Middels_90,413,1328,438,284.7,0.9487,2773.2
Middels_90,414,2733,426,304.4,0.8871,1348.4
Middels_90,415,2246,419,279.5,0.9148,1639.7
Middels_90,416,2638,409,301.9,0.8919,1396.4
Middels_90,417,3654,410,300.5,0.8509,1007.7
Middels_90,418,2765,411,279.1,0.8952,1331.8
Middels_90,419,1090,409,314.0,0.9536,3381.2
Middels_90,420,1664,404,315.2,0.9288,2212.8
Middels_90,421,1764,404,304.2,0.9271,2086.5
Middels_90,422,2744,405,293.0,0.8908,1342.1
Middels_90,423,1852,406,300.3,0.9245,1989.0
Middels_90,424,2033,406,280.8,0.9225,1812.0
Middels_90,425,1441,357,298.0,0.9417,2555.3
Middels_90,426,2104,412,323.1,0.9078,1751.4
Middels_90,427,2062,412,313.6,0.9123,1786.9
Middels_90,428,1757,398,311.3,0.9257,2094.9
Middels_90,429,1595,411,289.7,0.9372,2308.3
Middels_90,430,1888,426,275.7,0.9293,1951.2
Middels_90,431,2443,399,303.4,0.8993,1506.9
Middels_90,432,2882,405,305.7,0.8804,1278.1
Middels_90,433,2530,409,320.3,0.89,1456.5
Middels_90,434,2469,410,324.9,0.8911,1491.9
Middels_90,435,3070,431,316.2,0.8682,1199.8
Middels_90,436,2460,410,292.8,0.9022,1497.5
Middels_90,437,1287,404,301.5,0.9473,2861.2
Middels_90,438,2672,431,283.0,0.8973,1378.4
Middels_90,439,1778,405,291.0,0.9297,2070.6
Middels_90,440,531,432,319.2,0.977,6935.0
Middels_90,441,1510,405,297.9,0.9389,2438.9
Middels_90,442,2271,412,324.7,0.8999,1622.3
Middels_90,443,2756,406,319.9,0.8803,1336.6
Middels_90,444,2232,412,311.2,0.9057,1649.9
Middels_90,445,2888,434,290.2,0.8862,1275.4
Middels_90,446,3198,350,278.2,0.8792,1151.7
Middels_90,447,1809,427,317.6,0.922,2037.3
Middels_90,448,1571,419,290.4,0.9381,2346.4
Middels_90,449,2925,411,319.1,0.8733,1259.1
Middels_90,450,1746,432,284.7,0.9326,2111.5
Middels_90,451,2247,411,319.5,0.9025,1638.2
Middels_90,452,2586,403,314.7,0.8896,1425.2
Middels_90,453,2477,431,306.1,0.8971,1487.2
Middels_90,454,3169,396,297.2,0.8721,1162.2
Middels_90,455,1483,405,297.1,0.9402,2483.9
Middels_90,456,440,405,314.9,0.9812,8374.6
Middels_90,457,3015,432,278.2,0.8861,1221.7
Middels_90,458,2041,411,295.8,0.918,1804.6
Middels_90,459,2889,437,302.1,0.8816,1275.2
Middels_90,460,2755,404,290.3,0.8915,1337.2
Middels_90,461,1998,406,307.4,0.9167,1845.0
Middels_90,462,2259,410,279.8,0.9142,1630.9
Middels_90,463,3539,404,305.0,0.8535,1041.0
Middels_90,464,2518,406,280.9,0.904,1462.8
Middels_90,465,2495,371,308.9,0.8954,1476.6
Middels_90,466,1987,399,319.2,0.9139,1853.0
Middels_90,467,2090,403,321.5,0.9088,1762.9
Middels_90,468,2252,361,315.9,0.9034,1635.8
Middels_90,469,1329,376,297.1,0.9464,2770.2
Middels_90,470,2364,406,319.2,0.8976,1557.9
Middels_90,471,3231,404,297.4,0.8696,1140.4
Middels_90,472,2246,399,317.6,0.9032,1640.2
Middels_90,473,2401,411,323.0,0.8947,1533.9
Middels_90,474,2954,405,298.8,0.8802,1246.8
Middels_90,475,2432,405,322.6,0.8935,1515.0
Middels_90,476,2397,405,275.6,0.9104,1537.6
Middels_90,477,2793,409,278.8,0.8943,1318.5
Middels_90,478,2344,406,320.8,0.8979,1571.3
Middels_90,479,3451,426,324.4,0.848,1067.1
Middels_90,480,3363,399,303.1,0.8617,1095.8
Middels_90,481,3499,355,294.1,0.8603,1052.4
Middels_90,482,2728,433,316.3,0.8829,1350.2
Middels_90,483,2629,419,275.6,0.9016,1401.1
Middels_90,484,2418,353,308.6,0.8987,1523.8
Middels_90,485,2449,350,308.8,0.8973,1503.8
Middels_90,486,3272,403,281.9,0.8748,1126.0
Middels_90,487,2838,405,302.2,0.8836,1298.1
Middels_90,488,2091,405,307.0,0.9128,1761.3
Middels_90,489,2967,433,311.3,0.8746,1241.2
Middels_90,490,3321,410,286.7,0.8708,1109.5
Middels_90,491,2309,426,281.8,0.9117,1594.8
Middels_90,492,3143,427,279.8,0.8806,1171.6
Middels_90,493,1419,411,314.0,0.9395,2596.4
Middels_90,494,1788,432,297.8,0.9278,2060.8
Middels_90,495,3141,360,284.3,0.8788,1172.7
Middels_90,496,1974,416,289.5,0.9224,1865.8
Middels_90,497,2932,432,321.9,0.8719,1256.3
Middels_90,498,2574,360,293.7,0.8974,1431.2
Middels_90,499,1551,404,307.7,0.9352,2374.7
Samferdsel_96,0,697,426,321.6,0.9696,5284.4
Samferdsel_96,1,426,426,286.6,0.99,14328.1
Samferdsel_96,2,2078,350,312.2,0.9119,1772.7
Samferdsel_96,3,375,375,313.1,0.99,15657.1
Samferdsel_96,4,1677,371,284.5,0.9353,2197.2
Samferdsel_96,5,398,397,310.0,0.99,15499.3
Samferdsel_96,6,622,426,312.5,0.9736,5924.6
Samferdsel_96,7,1517,364,308.6,0.9365,2428.7
Samferdsel_96,8,1427,432,314.6,0.939,2579.6
Samferdsel_96,9,1557,426,322.5,0.9319,2367.4
Samferdsel_96,10,1847,427,306.4,0.9232,1994.0
Samferdsel_96,11,585,369,303.4,0.976,6308.6
Samferdsel_96,12,431,431,303.1,0.99,15156.2
Samferdsel_96,13,1588,364,306.1,0.934,2318.4
Samferdsel_96,14,1503,427,288.4,0.9412,2451.8
Samferdsel_96,15,1769,440,311.4,0.9252,2082.5
Samferdsel_96,16,1097,434,292.4,0.9565,3358.9
Samferdsel_96,17,432,432,314.9,0.9841,9929.3
Samferdsel_96,18,1242,447,286.3,0.9518,2969.4
Samferdsel_96,19,906,368,286.2,0.9648,4069.8
Samferdsel_96,20,370,370,307.2,0.9897,14942.1
Samferdsel_96,21,854,433,317.6,0.9631,4306.9
Samferdsel_96,22,739,437,318.2,0.9681,4985.1
Samferdsel_96,23,1531,368,321.6,0.9332,2406.2
Samferdsel_96,24,368,368,315.7,0.99,15785.1
Samferdsel_96,25,1435,375,320.9,0.9375,2565.9
Samferdsel_96,26,1565,402,306.9,0.9348,2354.1
Samferdsel_96,27,658,404,307.0,0.9726,5593.3
Samferdsel_96,28,745,368,279.7,0.9717,4945.9
Samferdsel_96,29,1005,426,303.7,0.9586,3665.6
Samferdsel_96,30,753,426,284.9,0.9709,4895.8
Samferdsel_96,31,364,364,285.5,0.99,14273.0
Samferdsel_96,32,1263,357,299.2,0.9488,2920.0
Samferdsel_96,33,356,350,283.0,0.9863,10326.1
Samferdsel_96,34,431,431,298.5,0.9833,8914.9
Samferdsel_96,35,427,427,316.6,0.99,15830.4
Samferdsel_96,36,2009,363,312.7,0.9147,1832.9
Samferdsel_96,37,368,367,281.3,0.99,14066.0
Samferdsel_96,38,970,360,312.8,0.9588,3796.9
Samferdsel_96,39,1456,430,276.9,0.9452,2527.7
Samferdsel_96,40,361,361,320.7,0.99,16036.7
Samferdsel_96,41,363,363,283.1,0.99,14154.9
Samferdsel_96,42,1622,363,300.1,0.934,2271.8
Samferdsel_96,43,1077,383,310.8,0.9546,3419.7
Samferdsel_96,44,1727,370,291.2,0.9317,2132.6
Samferdsel_96,45,838,355,314.5,0.9642,4396.5
Samferdsel_96,46,378,377,296.2,0.99,14807.5
Samferdsel_96,47,2050,427,308.9,0.914,1796.3
Samferdsel_96,48,1944,363,291.2,0.9232,1895.1
Samferdsel_96,49,1410,430,275.7,0.9473,2614.9
Samferdsel_96,50,1516,368,300.7,0.9381,2431.2
Samferdsel_96,51,882,427,299.7,0.9641,4171.1
Samferdsel_96,52,1209,363,291.1,0.9522,3045.8
Samferdsel_96,53,354,354,320.2,0.9868,12119.4
Samferdsel_96,54,403,399,289.2,0.9856,10059.9
Samferdsel_96,55,426,426,312.8,0.9825,8946.9
Samferdsel_96,56,601,360,303.6,0.9752,6119.8
Samferdsel_96,57,374,374,321.2,0.99,16061.0
Samferdsel_96,58,1152,427,305.2,0.9523,3197.6
Samferdsel_96,59,1781,367,319.6,0.9228,2069.8
Samferdsel_96,60,430,430,321.4,0.99,16069.4
Samferdsel_96,61,1046,362,283.1,0.9598,3523.7
Samferdsel_96,62,1243,349,279.4,0.9529,2965.0
Samferdsel_96,63,524,427,305.2,0.9783,7026.4
Samferdsel_96,64,468,444,307.5,0.9805,7865.7
Samferdsel_96,65,1649,426,280.6,0.9372,2233.6
Samferdsel_96,66,823,357,298.1,0.9667,4475.8
Samferdsel_96,67,1062,371,311.9,0.9551,3470.5
Samferdsel_96,68,371,370,284.5,0.99,14224.2
Samferdsel_96,69,2119,364,312.3,0.9102,1738.5
Samferdsel_96,70,816,437,290.6,0.9678,4515.4
Samferdsel_96,71,454,446,291.3,0.982,8110.8
Samferdsel_96,72,1391,376,307.4,0.942,2649.1
Samferdsel_96,73,770,362,308.3,0.9677,4775.9
Samferdsel_96,74,923,374,317.1,0.9603,3991.1
Samferdsel_96,75,1137,357,290.5,0.9552,3242.1
Samferdsel_96,76,634,427,304.2,0.9738,5816.0
Samferdsel_96,77,427,427,284.5,0.99,14223.7
Samferdsel_96,78,427,427,307.6,0.99,15379.4
Samferdsel_96,79,1134,391,319.8,0.9507,3245.5
Samferdsel_96,80,1504,381,322.2,0.9342,2447.6
Samferdsel_96,81,607,355,286.6,0.9764,6067.2
Samferdsel_96,82,2252,371,314.3,0.9039,1635.3
Samferdsel_96,83,427,426,297.9,0.9827,8609.2
Samferdsel_96,84,1132,396,302.6,0.9535,3255.8
Samferdsel_96,85,1355,399,318.6,0.9414,2719.6
Samferdsel_96,86,924,448,321.8,0.9596,3980.9
Samferdsel_96,87,364,364,322.6,0.9872,12582.3
Samferdsel_96,88,1330,363,287.6,0.9481,2768.1
Samferdsel_96,89,375,371,316.4,0.9852,10712.5
Samferdsel_96,90,433,433,297.0,0.99,14848.7
Samferdsel_96,91,1221,356,282.5,0.9532,3020.1
Samferdsel_96,92,426,426,308.3,0.99,15412.7
Samferdsel_96,93,1369,360,278.7,0.9482,2691.1
Samferdsel_96,94,383,383,310.2,0.99,15508.4
Samferdsel_96,95,403,402,310.3,0.99,15517.3
Samferdsel_96,96,873,360,279.0,0.967,4221.9
Samferdsel_96,97,2167,431,316.7,0.9068,1700.1
Samferdsel_96,98,447,447,314.1,0.9841,9868.9
Samferdsel_96,99,404,402,316.8,0.9878,12994.6
Samferdsel_96,100,858,350,310.8,0.9638,4294.4
Samferdsel_96,101,949,427,283.9,0.9634,3881.4
Samferdsel_96,102,1357,438,301.0,0.9446,2714.4
Samferdsel_96,103,928,426,280.8,0.9647,3972.9
Samferdsel_96,104,1634,430,291.8,0.9353,2254.7
Samferdsel_96,105,1602,369,297.9,0.9352,2297.9
Samferdsel_96,106,1515,363,299.0,0.9385,2433.0
Samferdsel_96,107,2149,427,300.9,0.9122,1713.2
Samferdsel_96,108,1020,370,298.4,0.9587,3613.8
Samferdsel_96,109,1685,432,291.2,0.9334,2185.4
Samferdsel_96,110,873,434,315.0,0.9626,4217.0
Samferdsel_96,111,364,364,284.9,0.99,14244.0
Samferdsel_96,112,1438,427,304.7,0.9405,2561.9
Samferdsel_96,113,1449,357,320.8,0.9369,2540.6
Samferdsel_96,114,563,432,320.7,0.9755,6555.4
Samferdsel_96,115,1649,356,319.5,0.9285,2235.1
Samferdsel_96,116,1658,356,276.8,0.9377,2220.6
Samferdsel_96,117,461,402,311.2,0.9805,7995.6
Samferdsel_96,118,1943,362,313.5,0.9174,1896.9
Samferdsel_96,119,977,426,279.3,0.963,3770.0
Samferdsel_96,120,376,376,280.6,0.99,14030.9
Samferdsel_96,121,908,360,309.6,0.9618,4055.0
Samferdsel_96,122,376,376,311.3,0.99,15564.8
Samferdsel_96,123,1818,426,316.3,0.922,2026.5
Samferdsel_96,124,376,375,276.3,0.99,13815.7
Samferdsel_96,125,427,427,306.8,0.99,15341.2
Samferdsel_96,126,431,431,318.4,0.99,15920.9
Samferdsel_96,127,886,455,286.6,0.9655,4156.4
Samferdsel_96,128,2614,432,313.6,0.8888,1409.8
Samferdsel_96,129,430,430,312.5,0.99,15627.4
Samferdsel_96,130,389,356,304.6,0.984,9496.0
Samferdsel_96,131,2069,364,323.9,0.9091,1780.8
Samferdsel_96,132,2391,376,313.0,0.8984,1540.7
Samferdsel_96,133,1001,427,302.8,0.9588,3677.6
Samferdsel_96,134,1823,361,279.1,0.931,2021.6
Samferdsel_96,135,1589,427,289.4,0.9375,2316.6
Samferdsel_96,136,1174,353,307.8,0.951,3138.7
Samferdsel_96,137,804,446,317.9,0.9653,4580.1
Samferdsel_96,138,1116,367,289.5,0.9562,3305.2
Samferdsel_96,139,630,427,285.4,0.9756,5842.9
Samferdsel_96,140,1041,369,315.1,0.9554,3536.5
Samferdsel_96,141,864,434,281.0,0.9671,4269.8
Samferdsel_96,142,1993,426,282.3,0.9236,1848.4
Samferdsel_96,143,978,434,312.6,0.9585,3764.4
Samferdsel_96,144,1581,369,281.9,0.9395,2329.9
Samferdsel_96,145,375,374,292.9,0.9852,9903.9
Samferdsel_96,146,703,426,303.2,0.9711,5243.9
Samferdsel_96,147,649,446,285.3,0.9749,5679.3
Samferdsel_96,148,1642,441,306.6,0.9317,2244.5
Samferdsel_96,149,448,448,282.4,0.99,14121.2
Samferdsel_96,150,2201,368,276.0,0.9176,1674.4
Samferdsel_96,151,1203,426,308.5,0.9496,3061.2
Samferdsel_96,152,571,355,299.6,0.9768,6461.1
Samferdsel_96,153,1551,426,298.4,0.9372,2374.6
Samferdsel_96,154,374,374,288.6,0.99,14427.8
Samferdsel_96,155,749,432,297.6,0.9697,4909.6
Samferdsel_96,156,427,427,312.7,0.9891,14405.9
Samferdsel_96,157,1841,370,322.5,0.9193,1999.4
Samferdsel_96,158,431,431,319.2,0.99,15961.4
Samferdsel_96,159,532,375,275.5,0.9801,6908.3
Samferdsel_96,160,1176,438,315.8,0.9496,3129.8
Samferdsel_96,161,1561,376,316.2,0.9329,2358.0
Samferdsel_96,162,426,426,315.1,0.99,15755.2
Samferdsel_96,163,2349,362,303.0,0.9034,1568.2
Samferdsel_96,164,364,364,292.3,0.9867,11014.9
Samferdsel_96,165,840,385,276.1,0.9685,4384.4
Samferdsel_96,166,804,368,309.4,0.9662,4583.1
Samferdsel_96,167,952,437,292.1,0.9622,3866.2
Samferdsel_96,168,2959,355,282.6,0.8865,1244.8
Samferdsel_96,169,2275,427,292.1,0.9098,1618.6
Samferdsel_96,170,858,440,308.9,0.9641,4298.5
Samferdsel_96,171,875,363,276.7,0.9671,4205.1
Samferdsel_96,172,1334,376,306.8,0.9445,2763.6
Samferdsel_96,173,837,363,311.5,0.9646,4405.5
Samferdsel_96,174,371,371,297.3,0.99,14865.5
Samferdsel_96,175,1560,444,277.2,0.9413,2361.3
Samferdsel_96,176,3269,433,304.9,0.8647,1126.6
Samferdsel_96,177,1242,432,312.3,0.9474,2968.0
Samferdsel_96,178,382,382,317.4,0.9856,11010.4
Samferdsel_96,179,433,433,280.0,0.99,13998.5
Samferdsel_96,180,991,427,275.3,0.963,3719.9
Samferdsel_96,181,1090,431,287.3,0.9575,3379.5
Samferdsel_96,182,1708,431,312.7,0.9275,2155.3
Samferdsel_96,183,2222,431,290.4,0.9125,1658.8
Samferdsel_96,184,973,433,312.2,0.9587,3783.4
Samferdsel_96,185,1489,368,283.7,0.9427,2473.7
Samferdsel_96,186,2191,355,312.6,0.907,1680.6
Samferdsel_96,187,355,355,278.5,0.9866,10380.6
Samferdsel_96,188,2019,438,294.2,0.9194,1825.1
Samferdsel_96,189,441,441,315.4,0.9865,11648.4
Samferdsel_96,190,1308,362,305.3,0.9458,2814.1
Samferdsel_96,191,2187,431,306.7,0.909,1684.7
Samferdsel_96,192,1909,437,316.5,0.918,1929.8
Samferdsel_96,193,2904,368,285.4,0.8875,1268.2
Samferdsel_96,194,773,397,284.6,0.9702,4774.3
Samferdsel_96,195,431,431,311.4,0.99,15568.3
Samferdsel_96,196,943,444,311.8,0.9601,3904.3
Samferdsel_96,197,1775,361,280.1,0.9325,2075.5
Samferdsel_96,198,427,427,303.6,0.99,15178.7
Samferdsel_96,199,1179,367,319.6,0.9489,3126.3
Samferdsel_96,200,1505,426,301.5,0.9384,2447.3
Samferdsel_96,201,367,367,294.5,0.99,14727.0
Samferdsel_96,202,1287,369,320.2,0.9441,2862.7
Samferdsel_96,203,1875,361,283.3,0.9279,1964.1
Samferdsel_96,204,747,360,288.4,0.9707,4927.1
Samferdsel_96,205,739,432,307.5,0.9692,4983.7
Samferdsel_96,206,427,427,323.5,0.99,16174.9
Samferdsel_96,207,1027,427,317.0,0.9558,3585.6
Samferdsel_96,208,588,361,314.0,0.9749,6259.3
Samferdsel_96,209,1104,356,289.7,0.9566,3337.4
Samferdsel_96,210,649,448,293.1,0.9742,5673.5
Samferdsel_96,211,649,367,282.8,0.9751,5676.2
Samferdsel_96,212,455,427,314.9,0.9805,8079.1
Samferdsel_96,213,738,397,305.9,0.9694,4993.7
Samferdsel_96,214,633,367,309.4,0.9735,5827.9
Samferdsel_96,215,773,430,312.3,0.9673,4768.2
Samferdsel_96,216,445,427,289.1,0.9826,8287.9
Samferdsel_96,217,1876,381,324.6,0.9173,1963.1
Samferdsel_96,218,426,426,289.1,0.9846,9405.5
Samferdsel_96,219,655,367,307.9,0.9726,5627.4
Samferdsel_96,220,2587,427,286.0,0.8996,1424.2
Samferdsel_96,221,1056,360,315.2,0.9548,3485.8
Samferdsel_96,222,412,410,280.6,0.9857,9823.5
Samferdsel_96,223,2639,364,299.5,0.8926,1395.0
Samferdsel_96,224,1718,364,317.9,0.9259,2145.9
Samferdsel_96,225,565,441,312.1,0.9761,6524.6
Samferdsel_96,226,369,369,302.9,0.99,15143.1
Samferdsel_96,227,1669,426,287.9,0.9348,2208.9
Samferdsel_96,228,2133,369,315.2,0.9087,1726.6
Samferdsel_96,229,1684,403,302.1,0.9309,2187.7
Samferdsel_96,230,430,430,277.0,0.99,13848.1
Samferdsel_96,231,397,396,303.2,0.99,15159.9
Samferdsel_96,232,468,363,292.8,0.9814,7854.6
Samferdsel_96,233,427,427,278.6,0.99,13929.6
Samferdsel_96,234,1473,367,292.9,0.9415,2503.1
Samferdsel_96,235,1418,427,302.0,0.9419,2597.3
Samferdsel_96,236,685,431,316.0,0.9706,5375.0
Samferdsel_96,237,958,361,297.6,0.9613,3846.0
Samferdsel_96,238,970,403,306.3,0.9597,3797.1
Samferdsel_96,239,789,426,300.4,0.9679,4672.9
Samferdsel_96,240,1172,370,306.9,0.9512,3146.8
Samferdsel_96,241,357,357,306.5,0.9894,14519.2
Samferdsel_96,242,362,362,277.1,0.99,13856.7
Samferdsel_96,243,1578,431,304.4,0.9349,2336.4
Samferdsel_96,244,1335,427,293.1,0.9469,2760.0
Samferdsel_96,245,1445,364,278.7,0.9453,2549.4
Samferdsel_96,246,622,426,304.9,0.9743,5924.7
Samferdsel_96,247,1952,434,321.3,0.9149,1887.2
Samferdsel_96,248,369,369,299.1,0.99,14957.0
Samferdsel_96,249,825,369,324.3,0.9637,4464.9
Samferdsel_96,250,896,427,291.3,0.9645,4107.3
Samferdsel_96,251,678,360,297.9,0.9726,5430.0
Samferdsel_96,252,1750,438,324.1,0.923,2104.6
Samferdsel_96,253,654,369,287.1,0.9746,5644.1
Samferdsel_96,254,434,434,294.6,0.9857,10289.2
Samferdsel_96,255,2056,427,287.3,0.9198,1791.8
Samferdsel_96,256,699,452,305.8,0.971,5264.1
Samferdsel_96,257,817,362,303.3,0.9664,4509.0
Samferdsel_96,258,693,427,277.6,0.9739,5310.9
Samferdsel_96,259,577,426,317.1,0.9752,6399.8
Samferdsel_96,260,433,433,311.1,0.99,15554.4
Samferdsel_96,261,1223,361,300.4,0.9501,3012.4
Samferdsel_96,262,1266,426,291.7,0.9499,2910.0
Samferdsel_96,263,426,426,321.3,0.99,16064.7
Samferdsel_96,264,1217,440,312.4,0.9483,3024.6
Samferdsel_96,265,2093,430,305.5,0.9132,1759.2
Samferdsel_96,266,963,427,305.5,0.9601,3827.4
Samferdsel_96,267,1488,371,284.7,0.9425,2476.7
Samferdsel_96,268,356,356,283.6,0.99,14180.1
Samferdsel_96,269,481,381,312.5,0.9796,7663.3
Samferdsel_96,270,489,377,300.0,0.9801,7528.3
Samferdsel_96,271,427,427,290.4,0.99,14519.3
Samferdsel_96,272,412,411,307.6,0.99,15381.5
Samferdsel_96,273,1788,369,291.1,0.9293,2060.4
Samferdsel_96,274,1181,438,309.2,0.9504,3119.6
Samferdsel_96,275,1475,437,282.4,0.9434,2496.4
Samferdsel_96,276,539,427,322.5,0.9764,6819.1
Samferdsel_96,277,711,426,315.6,0.9696,5189.0
Samferdsel_96,278,676,431,306.4,0.9719,5453.9
Samferdsel_96,279,762,427,322.0,0.9667,4835.1
Samferdsel_96,280,570,426,305.4,0.9764,6470.6
Samferdsel_96,281,826,427,306.6,0.9656,4458.8
Samferdsel_96,282,458,404,304.8,0.9811,8063.6
Samferdsel_96,283,1946,398,285.2,0.9246,1892.1
Samferdsel_96,284,454,454,324.3,0.99,16212.6
Samferdsel_96,285,649,357,293.2,0.9742,5675.6
Samferdsel_96,286,399,398,302.5,0.99,15125.7
Samferdsel_96,287,776,369,280.1,0.9705,4742.7
Samferdsel_96,288,1490,374,276.9,0.944,2471.9
Samferdsel_96,289,1462,433,317.0,0.9371,2519.1
Samferdsel_96,290,746,427,294.6,0.9702,4938.8
Samferdsel_96,291,1890,445,284.7,0.9269,1947.4
Samferdsel_96,292,1011,440,319.4,0.9562,3647.5
Samferdsel_96,293,586,405,293.0,0.9767,6287.2
Samferdsel_96,294,430,430,310.1,0.99,15507.4
Samferdsel_96,295,1463,444,282.2,0.9439,2517.2
Samferdsel_96,296,431,431,298.7,0.99,14937.0
Samferdsel_96,297,2446,454,316.3,0.895,1506.5
Samferdsel_96,298,458,434,283.3,0.9824,8062.5
Samferdsel_96,299,794,382,283.8,0.9694,4641.5
Samferdsel_96,300,1012,445,313.9,0.9569,3639.1
Samferdsel_96,301,2503,426,311.3,0.8943,1471.8
Samferdsel_96,302,2154,357,291.9,0.9146,1709.9
Samferdsel_96,303,665,431,295.3,0.9733,5534.2
Samferdsel_96,304,2061,375,307.5,0.914,1787.5
Samferdsel_96,305,1529,383,307.7,0.9362,2410.3
Samferdsel_96,306,539,426,281.9,0.9794,6828.9
Samferdsel_96,307,1054,439,306.4,0.9562,3494.4
Samferdsel_96,308,538,427,294.9,0.9784,6840.1
Samferdsel_96,309,445,445,319.8,0.9811,8456.4
Samferdsel_96,310,1313,445,297.0,0.9471,2807.5
Samferdsel_96,311,1060,426,312.3,0.9551,3478.7
Samferdsel_96,312,424,403,290.8,0.9833,8693.2
Samferdsel_96,313,2425,362,322.3,0.894,1519.8
Samferdsel_96,314,432,432,321.0,0.99,16051.7
Samferdsel_96,315,864,357,308.2,0.9639,4270.4
Samferdsel_96,316,1159,427,280.7,0.9559,3180.9
Samferdsel_96,317,363,363,284.0,0.99,14201.3
Samferdsel_96,318,434,434,307.0,0.99,15350.9
Samferdsel_96,319,1006,447,300.7,0.959,3664.1
Samferdsel_96,320,861,426,295.4,0.9654,4272.8
Samferdsel_96,321,1504,433,281.5,0.9425,2447.5
Samferdsel_96,322,1630,377,307.4,0.932,2260.1
Samferdsel_96,323,1057,364,306.8,0.956,3483.6
Samferdsel_96,324,2008,427,315.8,0.9139,1834.6
Samferdsel_96,325,427,427,320.7,0.9825,9159.4
Samferdsel_96,326,363,363,307.2,0.99,15358.2
Samferdsel_96,327,1190,441,322.5,0.9479,3092.3
Samferdsel_96,328,815,426,321.9,0.9644,4526.5
Samferdsel_96,329,630,355,321.9,0.9724,5833.8
Samferdsel_96,330,2302,427,317.3,0.9009,1600.2
Samferdsel_96,331,433,433,323.2,0.9868,12218.6
Samferdsel_96,332,1364,370,290.6,0.9462,2700.1
Samferdsel_96,333,432,432,304.0,0.9864,11200.2
Samferdsel_96,334,376,375,283.8,0.99,14191.9
Samferdsel_96,335,1013,364,304.7,0.9581,3636.0
Samferdsel_96,336,1888,364,288.1,0.9261,1950.6
Samferdsel_96,337,920,427,298.9,0.9627,4009.4
Samferdsel_96,338,1651,426,281.4,0.9369,2229.9
Samferdsel_96,339,1040,375,318.0,0.9552,3545.2
Samferdsel_96,340,438,438,283.9,0.9887,12603.2
Samferdsel_96,341,367,367,305.4,0.9861,10974.1
Samferdsel_96,342,1620,431,303.2,0.9333,2274.0
Samferdsel_96,343,453,453,281.1,0.99,14054.9
Samferdsel_96,344,930,360,303.9,0.9616,3957.4
Samferdsel_96,345,431,431,302.9,0.99,15143.5
Samferdsel_96,346,441,441,305.8,0.99,15288.7
Samferdsel_96,347,1432,399,288.8,0.9439,2573.4
Samferdsel_96,348,1477,452,321.4,0.9355,2492.7
Samferdsel_96,349,900,399,323.4,0.9605,4092.2
Samferdsel_96,350,2041,431,277.3,0.9232,1805.4
Samferdsel_96,351,1239,360,318.7,0.9463,2970.3
Samferdsel_96,352,1312,439,305.1,0.9457,2810.6
Samferdsel_96,353,430,430,306.5,0.99,15323.9
Samferdsel_96,354,357,357,285.8,0.99,14287.6
Samferdsel_96,355,511,364,283.0,0.9803,7200.3
Samferdsel_96,356,1593,406,301.6,0.9348,2312.6
Samferdsel_96,357,1403,451,287.9,0.9452,2626.1
Samferdsel_96,358,460,426,300.3,0.9812,8004.6
Samferdsel_96,359,1719,437,278.8,0.935,2144.0
Samferdsel_96,360,754,427,303.7,0.9689,4889.3
Samferdsel_96,361,633,433,319.4,0.9726,5823.5
Samferdsel_96,362,1922,427,316.3,0.9175,1917.2
Samferdsel_96,363,685,426,288.3,0.9732,5369.4
Samferdsel_96,364,1111,455,290.5,0.9562,3315.0
Samferdsel_96,365,2504,370,307.4,0.8955,1470.9
Samferdsel_96,366,489,426,279.1,0.9814,7520.9
Samferdsel_96,367,1945,360,305.7,0.9193,1893.8
Samferdsel_96,368,356,355,304.0,0.99,15200.6
Samferdsel_96,369,761,364,319.2,0.9671,4844.7
Samferdsel_96,370,1728,362,318.9,0.9252,2132.0
Samferdsel_96,371,459,431,284.3,0.9823,8043.4
Samferdsel_96,372,1407,374,316.1,0.9396,2615.5
Samferdsel_96,373,672,369,313.0,0.9714,5469.8
Samferdsel_96,374,1798,426,308.2,0.9247,2047.6
Samferdsel_96,375,532,363,307.1,0.9778,6915.0
Samferdsel_96,376,1466,426,297.0,0.9409,2513.4
Samferdsel_96,377,1915,451,325.0,0.9155,1923.5
Samferdsel_96,378,866,362,317.2,0.9627,4254.9
Samferdsel_96,379,398,397,303.0,0.99,15147.7
Samferdsel_96,380,426,426,299.5,0.99,14976.7
Samferdsel_96,381,427,427,314.5,0.982,8715.1
Samferdsel_96,382,970,381,302.8,0.9601,3797.3
Samferdsel_96,383,766,431,280.1,0.9709,4816.7
Samferdsel_96,384,1607,434,312.7,0.9318,2293.7
Samferdsel_96,385,742,382,307.1,0.969,4956.3
Samferdsel_96,386,957,357,322.6,0.9581,3850.0
Samferdsel_96,387,1126,427,296.2,0.9547,3270.0
Samferdsel_96,388,361,361,284.6,0.99,14229.8
Samferdsel_96,389,679,357,323.2,0.9702,5423.0
Samferdsel_96,390,726,431,322.8,0.9682,5078.5
Samferdsel_96,391,846,369,315.0,0.9638,4354.1
Samferdsel_96,392,1656,357,317.4,0.9287,2225.7
Samferdsel_96,393,356,356,291.5,0.9877,11874.2
Samferdsel_96,394,427,427,284.4,0.9853,9678.9
Samferdsel_96,395,755,427,321.1,0.9671,4879.5
Samferdsel_96,396,745,369,288.3,0.9709,4948.5
Samferdsel_96,397,426,426,324.6,0.9817,8876.8
Samferdsel_96,398,1664,426,322.3,0.9272,2214.0
Samferdsel_96,399,445,445,298.3,0.99,14913.8
Samferdsel_96,400,1033,355,294.5,0.9587,3569.0
Samferdsel_96,401,2548,364,278.4,0.9036,1444.9
Samferdsel_96,402,1846,433,279.3,0.93,1995.0
Samferdsel_96,403,1698,430,284.3,0.9345,2170.3
Samferdsel_96,404,486,355,302.4,0.9801,7599.3
Samferdsel_96,405,523,362,322.6,0.9771,7037.1
Samferdsel_96,406,963,426,284.2,0.9629,3828.9
Samferdsel_96,407,1559,377,291.6,0.9383,2362.5
Samferdsel_96,408,1609,377,293.9,0.9358,2289.4
Samferdsel_96,409,1802,426,317.7,0.9223,2045.7
Samferdsel_96,410,371,371,303.0,0.99,15148.5
Samferdsel_96,411,1937,357,316.3,0.9168,1901.9
Samferdsel_96,412,697,355,288.0,0.9728,5286.6
Samferdsel_96,413,427,427,299.8,0.9838,9259.1
Samferdsel_96,414,1482,404,298.7,0.9399,2485.0
Samferdsel_96,415,2187,357,285.0,0.9155,1685.2
Samferdsel_96,416,1141,434,324.9,0.9496,3225.4
Samferdsel_96,417,756,427,293.5,0.9699,4868.3
Samferdsel_96,418,635,384,318.1,0.9726,5802.7
Samferdsel_96,419,2092,427,314.7,0.9106,1760.7
Samferdsel_96,420,1139,361,298.0,0.9539,3232.2
Samferdsel_96,421,426,426,280.4,0.9846,9128.7
Samferdsel_96,422,427,427,297.4,0.99,14867.7
Samferdsel_96,423,378,377,302.5,0.9873,11942.3
Samferdsel_96,424,788,446,319.2,0.9659,4679.6
Samferdsel_96,425,427,427,321.7,0.9823,9086.4
Samferdsel_96,426,367,367,316.9,0.99,15847.3
Samferdsel_96,427,1417,360,320.7,0.9384,2601.5
Samferdsel_96,428,426,426,305.4,0.9886,13362.3
Samferdsel_96,429,1669,355,313.2,0.9291,2207.9
Samferdsel_96,430,1055,441,308.0,0.9559,3491.1
Samferdsel_96,431,1732,426,285.5,0.9329,2127.0
Samferdsel_96,432,369,368,279.9,0.99,13995.4
Samferdsel_96,433,972,427,296.0,0.9609,3787.6
Samferdsel_96,434,556,427,301.7,0.9773,6632.0
Samferdsel_96,435,677,369,296.1,0.9728,5445.0
Samferdsel_96,436,570,431,281.3,0.9783,6473.8
Samferdsel_96,437,739,371,312.7,0.9687,4987.5
Samferdsel_96,438,1172,356,322.2,0.9488,3145.6
Samferdsel_96,439,402,398,295.3,0.9842,9365.2
Samferdsel_96,440,1568,361,319.5,0.9319,2347.5
Samferdsel_96,441,2194,427,316.2,0.9059,1679.7
Samferdsel_96,442,427,427,286.3,0.99,14315.5
Samferdsel_96,443,1404,360,292.5,0.9443,2624.1
Samferdsel_96,444,360,360,309.8,0.99,15491.6
Samferdsel_96,445,427,427,306.9,0.99,15310.3
Samferdsel_96,446,1039,356,312.8,0.9559,3548.3
Samferdsel_96,447,692,369,281.4,0.9736,5322.5
Samferdsel_96,448,426,426,293.2,0.99,14658.0
Samferdsel_96,449,1270,360,301.3,0.9481,2900.9
Samferdsel_96,450,426,426,277.8,0.99,13888.2
Samferdsel_96,451,857,370,322.0,0.9626,4299.0
Samferdsel_96,452,368,368,282.0,0.99,14098.0
Samferdsel_96,453,1427,441,308.5,0.9403,2581.9
Samferdsel_96,454,404,403,310.3,0.99,15514.2
Samferdsel_96,455,808,437,300.3,0.9671,4564.7
Samferdsel_96,456,1197,357,276.9,0.955,3074.0
Samferdsel_96,457,1355,361,302.0,0.9445,2718.7
Samferdsel_96,458,749,411,319.1,0.9675,4913.7
Samferdsel_96,459,1587,426,299.9,0.9354,2321.9
Samferdsel_96,460,1414,369,284.6,0.9453,2603.4
Samferdsel_96,461,1216,362,318.1,0.9475,3030.4
Samferdsel_96,462,615,361,319.7,0.9733,5981.4
Samferdsel_96,463,371,371,280.8,0.99,14038.8
Samferdsel_96,464,1427,426,319.2,0.9381,2579.8
Samferdsel_96,465,427,427,290.7,0.99,14536.7
Samferdsel_96,466,1335,427,301.9,0.9453,2759.2
Samferdsel_96,467,426,426,312.2,0.99,15608.6
Samferdsel_96,468,367,367,313.5,0.99,15673.1
Samferdsel_96,469,444,444,292.8,0.99,14638.9
Samferdsel_96,470,720,430,277.4,0.9729,5116.3
Samferdsel_96,471,368,368,295.1,0.99,14755.7
Samferdsel_96,472,434,433,307.2,0.9819,8465.7
Samferdsel_96,473,441,441,314.8,0.9883,13476.8
Samferdsel_96,474,1651,426,314.9,0.9294,2230.1
Samferdsel_96,475,2180,361,320.9,0.9051,1690.6
Samferdsel_96,476,656,426,306.6,0.9727,5621.4
Samferdsel_96,477,650,375,286.1,0.9748,5668.4
Samferdsel_96,478,364,364,318.2,0.99,15909.4
Samferdsel_96,479,1406,431,283.2,0.946,2619.5
Samferdsel_96,480,994,430,317.2,0.9572,3705.0
Samferdsel_96,481,360,360,297.1,0.99,14854.7
Samferdsel_96,482,363,363,280.8,0.99,14041.8
Samferdsel_96,483,824,370,323.0,0.9638,4467.7
Samferdsel_96,484,437,432,297.1,0.9824,8434.9
Samferdsel_96,485,1522,426,276.2,0.943,2422.2
Samferdsel_96,486,1880,356,315.9,0.9194,1959.3
Samferdsel_96,487,427,427,314.9,0.9897,15313.5
Samferdsel_96,488,361,361,302.2,0.99,15109.4
Samferdsel_96,489,607,430,286.8,0.9764,6065.1
Samferdsel_96,490,441,441,282.1,0.99,14103.3
Samferdsel_96,491,430,430,287.4,0.99,14368.1
Samferdsel_96,492,447,447,291.3,0.99,14565.2
Samferdsel_96,493,1546,364,310.2,0.9349,2382.7
Samferdsel_96,494,1420,427,294.3,0.9433,2593.5
Samferdsel_96,495,1123,426,305.5,0.9535,3283.7
Samferdsel_96,496,1980,426,286.2,0.9231,1860.4
Samferdsel_96,497,1050,375,303.6,0.9567,3505.5
Samferdsel_96,498,770,434,301.7,0.9684,4780.6
Samferdsel_96,499,1123,434,308.5,0.953,3282.8
