KomNr,Kommune,Hjemmekontor,Kartkontor_MIP,Omfordelt,Timer,Lenker,Ferdigdato_Kartkontor_Mnd,Ferdigdato_Kartkontor,Ferdigdato_NVDB_Mnd,Ferdigdato_NVDB
0301,Oslo,Oslo,Skien,True,30.63,35397.0,5,2026-10-15,20,2028-01-15
1101,Eigersund,Stavanger,Bodø,True,0.15,6942.0,5,2026-10-15,20,2028-01-15
1103,Stavanger,Stavanger,Kristiansand,True,15.98,13831.0,5,2026-10-15,20,2028-01-15
1106,Haugesund,Stavanger,Bergen,True,2.82,1601.0,5,2026-10-15,20,2028-01-15
1108,Sandnes,Stavanger,Stavanger,False,35.68,17326.0,5,2026-10-15,20,2028-01-15
1111,Sokndal,Stavanger,Kristiansand,True,0.06,2134.0,5,2026-10-15,20,2028-01-15
1112,Lund,Stavanger,Trondheim,True,0.1,2758.0,5,2026-10-15,20,2028-01-15
1114,Bjerkreim,Stavanger,Oslo,True,0.22,7158.0,5,2026-10-15,20,2028-01-15
1119,Hå,Stavanger,Bergen,True,14.53,6268.0,2,2026-07-15,8,2027-01-15
1120,Klepp,Stavanger,Molde,True,5.17,3414.0,5,2026-10-15,20,2028-01-15
1121,Time,Stavanger,Bodø,True,12.28,5798.0,4,2026-09-15,15,2027-08-15
1122,Gjesdal,Stavanger,Kristiansand,True,19.68,5779.0,1,2026-06-15,6,2026-11-15
1124,Sola,Stavanger,Oslo,True,3.7,2924.0,5,2026-10-15,20,2028-01-15
1127,Randaberg,Stavanger,Trondheim,True,1.5,1161.0,5,2026-10-15,20,2028-01-15
1130,Strand,Stavanger,Oslo,True,12.47,6598.0,3,2026-08-15,11,2027-04-15
1133,Hjelmeland,Stavanger,Molde,True,25.62,7360.0,3,2026-08-15,11,2027-04-15
1134,Suldal,Stavanger,Tromsø,True,38.55,9362.0,0,2026-05-15,0,2026-05-15
1135,Sauda,Stavanger,Bodø,True,12.13,4201.0,3,2026-08-15,11,2027-04-15
1144,Kvitsøy,Stavanger,Kristiansand,True,0.32,207.0,5,2026-10-15,20,2028-01-15
1145,Bokn,Stavanger,Skien,True,2.07,948.0,5,2026-10-15,20,2028-01-15
1146,Tysvær,Stavanger,Kristiansand,True,17.93,7926.0,5,2026-10-15,20,2028-01-15
1149,Karmøy,Stavanger,Trondheim,True,11.97,6834.0,5,2026-10-15,21,2028-02-15
1151,Utsira,Stavanger,Bergen,True,0.2,66.0,5,2026-10-15,21,2028-02-15
1160,Vindafjord,Stavanger,Oslo,True,25.1,8327.0,5,2026-10-15,21,2028-02-15
1505,Kristiansund,Molde,Bergen,True,4.33,2048.0,4,2026-09-15,15,2027-08-15
1506,Molde,Molde,Trondheim,True,19.37,9849.0,0,2026-05-15,0,2026-05-15
1508,Ålesund,Molde,Bodø,True,15.72,8749.0,0,2026-05-15,0,2026-05-15
1525,Stranda,Molde,Skien,True,17.03,3918.0,0,2026-05-15,0,2026-05-15
1528,Sykkylven,Molde,Hamar,True,9.0,2501.0,0,2026-05-15,0,2026-05-15
1535,Vestnes,Molde,Bergen,True,7.31,5719.0,0,2026-05-15,0,2026-05-15
1547,Aukra,Molde,Skien,True,1.12,900.0,2,2026-07-15,8,2027-01-15
1554,Averøy,Molde,Tromsø,True,7.85,3601.0,3,2026-08-15,11,2027-04-15
1557,Gjemnes,Molde,Oslo,True,12.08,3596.0,2,2026-07-15,8,2027-01-15
1560,Tingvoll,Molde,Tromsø,True,13.55,5373.0,4,2026-09-15,15,2027-08-15
1563,Sunndal,Molde,Oslo,True,35.35,7848.0,0,2026-05-15,0,2026-05-15
1566,Surnadal,Molde,Skien,True,33.22,7330.0,2,2026-07-15,8,2027-01-15
1576,Aure,Molde,Oslo,True,16.5,4577.0,3,2026-08-15,11,2027-04-15
1578,Fjord,Molde,Trondheim,True,24.97,5931.0,0,2026-05-15,1,2026-06-15
1579,Hustadvika,Molde,Trondheim,True,21.07,7743.0,1,2026-06-15,6,2026-11-15
1580,Haram,Molde,Bergen,True,9.7,4153.0,0,2026-05-15,1,2026-06-15
1804,Bodø,Bodø,Oslo,True,34.38,11982.0,3,2026-08-15,12,2027-05-15
1806,Narvik,Bodø,Tromsø,True,55.82,12335.0,1,2026-06-15,6,2026-11-15
1811,Bindal,Bodø,Skien,True,18.83,2467.0,2,2026-07-15,9,2027-02-15
1812,Sømna,Bodø,Bergen,True,5.93,1993.0,0,2026-05-15,1,2026-06-15
1813,Brønnøy,Bodø,Oslo,True,21.05,5124.0,1,2026-06-15,6,2026-11-15
1815,Vega,Bodø,Skien,True,3.77,1249.0,3,2026-08-15,12,2027-05-15
1816,Vevelstad,Bodø,Trondheim,True,8.72,1471.0,2,2026-07-15,9,2027-02-15
1818,Herøy,Bodø,Kristiansand,True,2.02,3933.0,5,2026-10-15,21,2028-02-15
1820,Alstahaug,Bodø,Kristiansand,True,6.78,3019.0,3,2026-08-15,12,2027-05-15
1822,Leirfjord,Bodø,Bergen,True,9.38,2506.0,2,2026-07-15,9,2027-02-15
1824,Vefsn,Bodø,Kristiansand,True,37.77,8559.0,0,2026-05-15,1,2026-06-15
1825,Grane,Bodø,Skien,True,30.45,4468.0,1,2026-06-15,6,2026-11-15
1826,Aarborte - Hattfjelldal,Bodø,Skien,True,39.02,4610.0,0,2026-05-15,1,2026-06-15
1827,Dønna,Bodø,Tromsø,True,4.67,1732.0,3,2026-08-15,12,2027-05-15
1828,Nesna,Bodø,Tromsø,True,5.08,1141.0,2,2026-07-15,9,2027-02-15
1832,Hemnes,Bodø,Kristiansand,True,28.6,4516.0,1,2026-06-15,6,2026-11-15
1833,Rana,Bodø,Tromsø,True,72.92,10959.0,1,2026-06-15,7,2026-12-15
1834,Lurøy,Bodø,Skien,True,5.77,1485.0,3,2026-08-15,12,2027-05-15
1835,Træna,Bodø,Stavanger,True,0.33,88.0,4,2026-09-15,15,2027-08-15
1836,Rødøy,Bodø,Tromsø,True,10.95,1257.0,2,2026-07-15,9,2027-02-15
1837,Meløy,Bodø,Hamar,True,17.47,4215.0,1,2026-06-15,7,2026-12-15
1838,Gildeskål,Bodø,Skien,True,12.23,2461.0,2,2026-07-15,9,2027-02-15
1839,Beiarn,Bodø,Stavanger,True,21.67,3086.0,0,2026-05-15,1,2026-06-15
1840,Saltdal,Bodø,Trondheim,True,39.77,5167.0,1,2026-06-15,7,2026-12-15
1841,Fauske - Fuossko,Bodø,Tromsø,True,23.25,5814.0,3,2026-08-15,12,2027-05-15
1845,Sørfold,Bodø,Oslo,True,23.65,3450.0,2,2026-07-15,9,2027-02-15
1848,Steigen,Bodø,Skien,True,20.27,4379.0,1,2026-06-15,7,2026-12-15
1851,Lødingen,Bodø,Trondheim,True,9.78,2014.0,2,2026-07-15,9,2027-02-15
1853,Evenes - Evenášši,Bodø,Bergen,True,8.3,2823.0,3,2026-08-15,12,2027-05-15
1856,Røst,Bodø,Kristiansand,True,0.63,455.0,5,2026-10-15,21,2028-02-15
1857,Værøy,Bodø,Bergen,True,0.7,187.0,4,2026-09-15,15,2027-08-15
1859,Flakstad,Bodø,Molde,True,5.25,2889.0,4,2026-09-15,15,2027-08-15
1860,Vestvågøy,Bodø,Oslo,True,14.15,4988.0,3,2026-08-15,12,2027-05-15
1865,Vågan,Bodø,Oslo,True,12.18,4309.0,3,2026-08-15,12,2027-05-15
1866,Hadsel,Bodø,Skien,True,16.43,4661.0,2,2026-07-15,9,2027-02-15
1867,Bø,Bodø,Bergen,True,5.64,1613.0,2,2026-07-15,9,2027-02-15
1870,Sortland - Suortá,Bodø,Skien,True,17.65,4121.0,2,2026-07-15,9,2027-02-15
1871,Andøy,Bodø,Skien,True,22.27,7827.0,1,2026-06-15,7,2026-12-15
1874,Moskenes,Bodø,Bergen,True,2.53,949.0,2,2026-07-15,9,2027-02-15
1875,Hábmer - Hamarøy,Bodø,Oslo,True,31.75,5093.0,1,2026-06-15,7,2026-12-15
3103,Moss,Oslo,Hamar,True,8.35,6581.0,5,2026-10-15,21,2028-02-15
3105,Sarpsborg,Oslo,Kristiansand,True,19.48,13048.0,5,2026-10-15,21,2028-02-15
3107,Fredrikstad,Oslo,Bergen,True,17.97,14235.0,5,2026-10-15,21,2028-02-15
3110,Hvaler,Oslo,Tromsø,True,4.87,4834.0,5,2026-10-15,21,2028-02-15
3114,Våler,Oslo,Skien,True,11.85,8900.0,4,2026-09-15,15,2027-08-15
3116,Skiptvet,Oslo,Stavanger,True,0.75,1677.0,5,2026-10-15,21,2028-02-15
3118,Indre Østfold,Oslo,Bodø,True,32.53,15270.0,3,2026-08-15,12,2027-05-15
3120,Rakkestad,Oslo,Tromsø,True,0.69,3807.0,5,2026-10-15,21,2028-02-15
3201,Bærum,Oslo,Stavanger,True,2.57,10234.0,0,2026-05-15,1,2026-06-15
3203,Asker,Oslo,Bergen,True,23.9,16870.0,0,2026-05-15,1,2026-06-15
3205,Lillestrøm,Oslo,Molde,True,20.33,10677.0,3,2026-08-15,12,2027-05-15
3209,Ullensaker,Oslo,Molde,True,12.75,5340.0,5,2026-10-15,21,2028-02-15
3222,Lørenskog,Oslo,Trondheim,True,3.28,2091.0,5,2026-10-15,21,2028-02-15
3226,Aurskog-Høland,Oslo,Molde,True,36.7,10975.0,2,2026-07-15,9,2027-02-15
3228,Nes,Oslo,Bergen,True,25.47,7813.0,3,2026-08-15,12,2027-05-15
3232,Nittedal,Oslo,Skien,True,11.33,5357.0,3,2026-08-15,12,2027-05-15
3301,Drammen,Oslo,Bergen,True,19.53,11937.0,5,2026-10-15,21,2028-02-15
3303,Kongsberg,Oslo,Stavanger,True,40.87,18936.0,4,2026-09-15,16,2027-09-15
3305,Ringerike,Oslo,Bergen,True,68.08,27311.0,3,2026-08-15,12,2027-05-15
3312,Lier,Oslo,Molde,True,15.43,6724.0,4,2026-09-15,16,2027-09-15
3314,Øvre Eiker,Oslo,Skien,True,18.4,6486.0,3,2026-08-15,13,2027-06-15
3316,Modum,Oslo,Stavanger,True,25.4,10613.0,4,2026-09-15,16,2027-09-15
3320,Flå,Oslo,Stavanger,True,23.32,6856.0,3,2026-08-15,13,2027-06-15
3322,Nesbyen,Oslo,Skien,True,34.28,11185.0,3,2026-08-15,13,2027-06-15
3324,Gol,Oslo,Bodø,True,25.93,9600.0,3,2026-08-15,13,2027-06-15
3326,Hemsedal,Oslo,Skien,True,23.38,8110.0,0,2026-05-15,2,2026-07-15
3328,Ål,Oslo,,True,45.85,16194.0,4,2026-09-15,16,2027-09-15
3330,Hol,Oslo,Trondheim,True,44.75,14988.0,0,2026-05-15,2,2026-07-15
3332,Sigdal,Oslo,Hamar,True,37.65,17054.0,4,2026-09-15,16,2027-09-15
3336,Rollag,Oslo,Tromsø,True,11.38,7744.0,4,2026-09-15,16,2027-09-15
3338,Nore og Uvdal,Oslo,Molde,True,66.03,13281.0,0,2026-05-15,2,2026-07-15
3401,Kongsvinger,Hamar,Bodø,True,1.9,10212.0,5,2026-10-15,21,2028-02-15
3403,Hamar,Hamar,Hamar,False,0.55,3151.0,7,2026-12-15,24,2028-05-15
3405,Lillehammer,Hamar,Hamar,False,23.5,10606.0,4,2026-09-15,16,2027-09-15
3407,Gjøvik,Hamar,Tromsø,True,24.6,7897.0,8,2027-01-15,25,2028-06-15
3411,Ringsaker,Hamar,Bergen,True,1.96,12701.0,7,2026-12-15,24,2028-05-15
3412,Løten,Hamar,Molde,True,0.54,2884.0,7,2026-12-15,25,2028-06-15
3413,Stange,Hamar,Stavanger,True,1.18,7796.0,5,2026-10-15,22,2028-03-15
3419,Våler,Hamar,Hamar,False,1.07,8900.0,7,2026-12-15,25,2028-06-15
3420,Elverum,Hamar,Molde,True,2.2,11666.0,7,2026-12-15,25,2028-06-15
3421,Trysil,Hamar,Skien,True,3.98,16189.0,7,2026-12-15,25,2028-06-15
3422,Åmot,Hamar,Bergen,True,36.57,9088.0,7,2026-12-15,25,2028-06-15
3423,Stor-Elvdal,Hamar,Molde,True,3.13,13617.0,7,2026-12-15,25,2028-06-15
3424,Rendalen,Hamar,Trondheim,True,81.93,11980.0,4,2026-09-15,17,2027-10-15
3425,Engerdal,Hamar,Hamar,False,2.28,6538.0,5,2026-10-15,22,2028-03-15
3426,Tolga,Hamar,Oslo,True,1.91,8559.0,5,2026-10-15,22,2028-03-15
3427,Tynset,Hamar,Skien,True,54.08,10498.0,4,2026-09-15,17,2027-10-15
3428,Alvdal,Hamar,Oslo,True,41.77,10557.0,4,2026-09-15,17,2027-10-15
3429,Folldal,Hamar,Tromsø,True,2.08,8494.0,5,2026-10-15,22,2028-03-15
3430,Os,Hamar,Trondheim,True,1.29,5106.0,5,2026-10-15,22,2028-03-15
3431,Dovre,Hamar,Tromsø,True,40.73,8098.0,4,2026-09-15,17,2027-10-15
3432,Lesja,Hamar,Trondheim,True,43.92,6501.0,4,2026-09-15,17,2027-10-15
3433,Skjåk,Hamar,Hamar,False,37.75,5069.0,4,2026-09-15,17,2027-10-15
3434,Lom,Hamar,Oslo,True,39.0,6259.0,4,2026-09-15,17,2027-10-15
3435,Vågå,Hamar,Trondheim,True,39.83,10194.0,4,2026-09-15,17,2027-10-15
3436,Nord-Fron,Hamar,Skien,True,41.25,12207.0,4,2026-09-15,17,2027-10-15
3437,Sel,Hamar,Bergen,True,40.53,14777.0,4,2026-09-15,17,2027-10-15
3438,Sør-Fron,Hamar,Trondheim,True,27.98,7916.0,4,2026-09-15,18,2027-11-15
3439,Ringebu,Hamar,Trondheim,True,57.57,18435.0,3,2026-08-15,13,2027-06-15
3440,Øyer,Hamar,Trondheim,True,31.8,10070.0,3,2026-08-15,13,2027-06-15
3441,Gausdal,Hamar,Stavanger,True,46.2,12287.0,0,2026-05-15,3,2026-08-15
3442,Østre Toten,Hamar,Tromsø,True,19.78,4326.0,1,2026-06-15,7,2026-12-15
3443,Vestre Toten,Hamar,Trondheim,True,10.07,3356.0,0,2026-05-15,3,2026-08-15
3446,Gran,Hamar,Hamar,False,24.92,8906.0,3,2026-08-15,13,2027-06-15
3447,Søndre Land,Hamar,Bodø,True,26.15,7653.0,0,2026-05-15,3,2026-08-15
3448,Nordre Land,Hamar,Stavanger,True,44.1,12435.0,8,2027-01-15,25,2028-06-15
3449,Sør-Aurdal,Hamar,Tromsø,True,44.13,13249.0,3,2026-08-15,13,2027-06-15
3450,Etnedal,Hamar,Molde,True,18.8,6276.0,4,2026-09-15,18,2027-11-15
3451,Nord-Aurdal,Hamar,Tromsø,True,38.72,13002.0,4,2026-09-15,18,2027-11-15
3452,Vestre Slidre,Hamar,Trondheim,True,24.07,11716.0,3,2026-08-15,13,2027-06-15
3453,Øystre Slidre,Hamar,Skien,True,28.78,7995.0,0,2026-05-15,3,2026-08-15
3454,Vang,Hamar,Oslo,True,35.62,8187.0,0,2026-05-15,3,2026-08-15
3901,Horten,Skien,Bergen,True,3.67,2273.0,8,2027-01-15,25,2028-06-15
3903,Holmestrand,Skien,Kristiansand,True,21.87,8664.0,8,2027-01-15,25,2028-06-15
3905,Tønsberg,Skien,Bodø,True,18.23,10065.0,8,2027-01-15,26,2028-07-15
3907,Sandefjord,Skien,Trondheim,True,24.23,13753.0,8,2027-01-15,26,2028-07-15
3909,Larvik,Skien,Oslo,True,39.47,20251.0,8,2027-01-15,26,2028-07-15
3911,Færder,Skien,Hamar,True,6.28,5132.0,8,2027-01-15,26,2028-07-15
4001,Porsgrunn,Skien,Bodø,True,11.57,7351.0,8,2027-01-15,26,2028-07-15
4003,Skien,Skien,Stavanger,True,31.73,11644.0,8,2027-01-15,26,2028-07-15
4005,Notodden,Skien,Trondheim,True,30.73,8977.0,3,2026-08-15,14,2027-07-15
4010,Siljan,Skien,Bergen,True,8.78,2674.0,3,2026-08-15,14,2027-07-15
4012,Bamble,Skien,Bodø,True,10.83,5868.0,8,2027-01-15,26,2028-07-15
4014,Kragerø,Skien,Tromsø,True,13.88,8153.0,8,2027-01-15,26,2028-07-15
4016,Drangedal,Skien,Kristiansand,True,32.68,9597.0,8,2027-01-15,26,2028-07-15
4018,Nome,Skien,Kristiansand,True,14.85,4661.0,8,2027-01-15,26,2028-07-15
4022,Seljord,Skien,Bergen,True,27.38,9972.0,3,2026-08-15,14,2027-07-15
4024,Hjartdal,Skien,Kristiansand,True,23.9,8171.0,3,2026-08-15,14,2027-07-15
4026,Tinn,Skien,Hamar,True,58.88,13385.0,3,2026-08-15,14,2027-07-15
4028,Kviteseid,Skien,Stavanger,True,20.42,5611.0,3,2026-08-15,14,2027-07-15
4030,Nissedal,Skien,Stavanger,True,23.0,6540.0,3,2026-08-15,14,2027-07-15
4032,Fyresdal,Skien,Stavanger,True,26.6,5047.0,8,2027-01-15,27,2028-08-15
4034,Tokke,Skien,Tromsø,True,27.02,6401.0,8,2027-01-15,27,2028-08-15
4036,Vinje,Skien,Oslo,True,64.47,12380.0,8,2027-01-15,27,2028-08-15
4201,Risør,Kristiansand,Molde,True,11.55,7458.0,3,2026-08-15,14,2027-07-15
4202,Grimstad,Kristiansand,Bodø,True,11.83,6512.0,5,2026-10-15,22,2028-03-15
4203,Arendal,Kristiansand,Bodø,True,21.03,18178.0,5,2026-10-15,22,2028-03-15
4204,Kristiansand,Kristiansand,Bergen,True,41.0,27939.0,5,2026-10-15,22,2028-03-15
4205,Lindesnes,Kristiansand,Hamar,True,56.22,30608.0,5,2026-10-15,23,2028-04-15
4206,Farsund,Kristiansand,Kristiansand,False,12.6,8160.0,5,2026-10-15,23,2028-04-15
4207,Flekkefjord,Kristiansand,Bergen,True,21.62,10002.0,4,2026-09-15,18,2027-11-15
4211,Gjerstad,Kristiansand,Bergen,True,0.78,5328.0,5,2026-10-15,23,2028-04-15
4212,Vegårshei,Kristiansand,Molde,True,19.25,8548.0,4,2026-09-15,18,2027-11-15
4213,Tvedestrand,Kristiansand,Molde,True,14.6,8806.0,4,2026-09-15,18,2027-11-15
4214,Froland,Kristiansand,Bergen,True,1.01,6254.0,5,2026-10-15,23,2028-04-15
4215,Lillesand,Kristiansand,Stavanger,True,9.43,6111.0,5,2026-10-15,23,2028-04-15
4216,Birkenes,Kristiansand,Skien,True,26.37,10577.0,3,2026-08-15,14,2027-07-15
4217,Åmli,Kristiansand,Tromsø,True,31.8,8190.0,3,2026-08-15,14,2027-07-15
4218,Iveland,Kristiansand,Molde,True,2.01,3446.0,5,2026-10-15,23,2028-04-15
4219,Evje og Hornnes,Kristiansand,Oslo,True,20.05,7758.0,5,2026-10-15,23,2028-04-15
4220,Bygland,Kristiansand,Bergen,True,29.77,7574.0,3,2026-08-15,14,2027-07-15
4221,Valle,Kristiansand,Stavanger,True,29.77,7136.0,2,2026-07-15,9,2027-02-15
4222,Bykle,Kristiansand,Bergen,True,23.13,4958.0,5,2026-10-15,23,2028-04-15
4223,Vennesla,Kristiansand,Bergen,True,2.02,10530.0,5,2026-10-15,23,2028-04-15
4224,Åseral,Kristiansand,Trondheim,True,19.07,5558.0,5,2026-10-15,23,2028-04-15
4225,Lyngdal,Kristiansand,Bergen,True,27.52,13449.0,5,2026-10-15,23,2028-04-15
4227,Kvinesdal,Kristiansand,Skien,True,29.9,10186.0,3,2026-08-15,15,2027-08-15
4228,Sirdal,Kristiansand,Skien,True,31.2,8126.0,2,2026-07-15,9,2027-02-15
4601,Bergen,Bergen,Tromsø,True,30.6,30466.0,0,2026-05-15,4,2026-09-15
4602,Kinn,Bergen,Skien,True,22.67,9385.0,2,2026-07-15,9,2027-02-15
4611,Etne,Bergen,Bodø,True,24.95,10118.0,4,2026-09-15,18,2027-11-15
4612,Sveio,Bergen,Hamar,True,12.83,8328.0,0,2026-05-15,4,2026-09-15
4613,Bømlo,Bergen,Skien,True,3.33,6759.0,0,2026-05-15,4,2026-09-15
4614,Stord,Bergen,Hamar,True,8.57,5301.0,0,2026-05-15,4,2026-09-15
4617,Kvinnherad,Bergen,Oslo,True,28.15,8939.0,4,2026-09-15,18,2027-11-15
4618,Ullensvang,Bergen,Bergen,False,71.77,18650.0,2,2026-07-15,9,2027-02-15
4619,Eidfjord,Bergen,Trondheim,True,32.12,5017.0,0,2026-05-15,4,2026-09-15
4620,Ulvik,Bergen,Trondheim,True,14.62,2743.0,2,2026-07-15,9,2027-02-15
4621,Voss,Bergen,Kristiansand,True,60.22,23191.0,3,2026-08-15,15,2027-08-15
4622,Kvam,Bergen,Trondheim,True,25.12,11908.0,4,2026-09-15,18,2027-11-15
4623,Samnanger,Bergen,Trondheim,True,7.62,2675.0,3,2026-08-15,15,2027-08-15
4624,Bjørnafjorden,Bergen,Tromsø,True,19.98,10297.0,5,2026-10-15,24,2028-05-15
4626,Øygarden,Bergen,Bodø,True,17.88,11226.0,5,2026-10-15,24,2028-05-15
4627,Askøy,Bergen,Trondheim,True,7.28,5218.0,5,2026-10-15,24,2028-05-15
4628,Vaksdal,Bergen,Bodø,True,15.9,4528.0,10,2027-03-15,27,2028-08-15
4630,Osterøy,Bergen,Kristiansand,True,14.72,8960.0,10,2027-03-15,27,2028-08-15
4631,Alver,Bergen,Stavanger,True,36.83,27783.0,10,2027-03-15,27,2028-08-15
4632,Austrheim,Bergen,Bergen,False,3.73,3305.0,5,2026-10-15,24,2028-05-15
4634,Masfjorden,Bergen,Tromsø,True,13.12,4590.0,10,2027-03-15,27,2028-08-15
4635,Gulen,Bergen,Stavanger,True,12.15,4082.0,10,2027-03-15,27,2028-08-15
4636,Solund,Bergen,Bergen,False,4.42,1189.0,1,2026-06-15,7,2026-12-15
4637,Hyllestad,Bergen,Skien,True,8.98,3011.0,3,2026-08-15,15,2027-08-15
4638,Høyanger,Bergen,Kristiansand,True,18.67,3476.0,2,2026-07-15,9,2027-02-15
4639,Vik,Bergen,Bodø,True,21.52,4624.0,2,2026-07-15,9,2027-02-15
4640,Sogndal,Bergen,Oslo,True,34.08,9640.0,2,2026-07-15,10,2027-03-15
4641,Aurland,Bergen,Kristiansand,True,29.27,4599.0,2,2026-07-15,10,2027-03-15
4642,Lærdal,Bergen,Skien,True,23.97,3598.0,0,2026-05-15,4,2026-09-15
4643,Årdal,Bergen,Oslo,True,18.57,2758.0,2,2026-07-15,10,2027-03-15
4644,Luster,Bergen,,True,37.81,6200.0,2,2026-07-15,10,2027-03-15
4645,Askvoll,Bergen,Trondheim,True,11.42,4575.0,1,2026-06-15,7,2026-12-15
4646,Fjaler,Bergen,Stavanger,True,11.8,3672.0,2,2026-07-15,10,2027-03-15
4647,Sunnfjord,Bergen,Stavanger,True,63.6,22959.0,1,2026-06-15,7,2026-12-15
4648,Bremanger,Bergen,Trondheim,True,18.7,4648.0,2,2026-07-15,10,2027-03-15
4649,Stad,Bergen,Stavanger,True,29.18,12853.0,2,2026-07-15,10,2027-03-15
4650,Gloppen,Bergen,Oslo,True,24.5,7841.0,2,2026-07-15,10,2027-03-15
4651,Stryn,Bergen,Trondheim,True,30.58,7377.0,2,2026-07-15,10,2027-03-15
5001,Trondheim - Tråante,Trondheim,Kristiansand,True,29.77,20525.0,5,2026-10-15,24,2028-05-15
5021,Oppdal,Trondheim,Kristiansand,True,76.88,37049.0,4,2026-09-15,19,2027-12-15
5025,Rosse - Røros,Trondheim,Trondheim,False,51.28,11912.0,1,2026-06-15,7,2026-12-15
5026,Holtålen,Trondheim,Tromsø,True,28.25,6292.0,2,2026-07-15,10,2027-03-15
5027,Midtre Gauldal,Trondheim,Hamar,True,49.35,13652.0,0,2026-05-15,5,2026-10-15
5028,Melhus,Trondheim,Hamar,True,23.92,7720.0,0,2026-05-15,5,2026-10-15
5029,Skaun,Trondheim,Skien,True,10.4,4079.0,0,2026-05-15,5,2026-10-15
5032,Selbu,Trondheim,Oslo,True,27.87,6104.0,1,2026-06-15,7,2026-12-15
5033,Tydal,Trondheim,Molde,True,32.18,9999.0,2,2026-07-15,10,2027-03-15
5034,Meråker,Trondheim,Bodø,True,30.3,7116.0,0,2026-05-15,5,2026-10-15
5035,Stjørdal,Trondheim,Skien,True,37.83,13808.0,4,2026-09-15,19,2027-12-15
5038,Verdal,Trondheim,Trondheim,False,28.41,9686.0,3,2026-08-15,15,2027-08-15
5041,Snåase - Snåsa,Trondheim,Trondheim,False,41.1,5861.0,2,2026-07-15,10,2027-03-15
5042,Lierne,Trondheim,Hamar,True,40.82,2972.0,1,2026-06-15,7,2026-12-15
5043,Raarvihke - Røyrvik,Trondheim,Trondheim,False,17.27,772.0,1,2026-06-15,7,2026-12-15
5044,Namsskogan,Trondheim,Kristiansand,True,20.82,2245.0,2,2026-07-15,10,2027-03-15
5045,Grong,Trondheim,Trondheim,False,25.7,4904.0,2,2026-07-15,10,2027-03-15
5046,Høylandet,Trondheim,Kristiansand,True,13.02,2199.0,2,2026-07-15,10,2027-03-15
5047,Overhalla,Trondheim,Kristiansand,True,16.88,3968.0,2,2026-07-15,10,2027-03-15
5049,Flatanger,Trondheim,Bergen,True,7.68,1418.0,1,2026-06-15,7,2026-12-15
5053,Inderøy,Trondheim,Kristiansand,True,17.63,7306.0,3,2026-08-15,15,2027-08-15
5054,Indre Fosen,Trondheim,Trondheim,False,36.0,9918.0,0,2026-05-15,5,2026-10-15
5055,Heim,Trondheim,Molde,True,29.67,10013.0,3,2026-08-15,15,2027-08-15
5056,Hitra,Trondheim,Molde,True,20.32,8759.0,0,2026-05-15,5,2026-10-15
5058,Åfjord,Trondheim,Hamar,True,30.12,8387.0,1,2026-06-15,7,2026-12-15
5059,Orkland,Trondheim,Bergen,True,57.52,21540.0,0,2026-05-15,6,2026-11-15
5061,Rindal,Trondheim,Molde,True,16.88,4368.0,2,2026-07-15,11,2027-04-15
5501,Tromsø,Tromsø,Bergen,True,63.6,27947.0,4,2026-09-15,19,2027-12-15
5503,Harstad - Hárstták,Tromsø,Stavanger,True,27.28,16861.0,4,2026-09-15,19,2027-12-15
5512,Dielddanuorri - Tjeldsund,Tromsø,Bodø,True,24.27,8058.0,3,2026-08-15,15,2027-08-15
5514,Ibestad,Tromsø,Trondheim,True,8.68,3259.0,2,2026-07-15,11,2027-04-15
5516,Gratangen,Tromsø,Trondheim,True,7.82,2092.0,1,2026-06-15,7,2026-12-15
5518,Loabák - Lavangen,Tromsø,Tromsø,False,7.17,1546.0,2,2026-07-15,11,2027-04-15
5520,Bardu,Tromsø,Bodø,True,43.93,6502.0,1,2026-06-15,8,2027-01-15
5522,Salangen,Tromsø,Trondheim,True,11.93,2841.0,1,2026-06-15,8,2027-01-15
5524,Målselv,Tromsø,Skien,True,7.16,14811.0,5,2026-10-15,24,2028-05-15
5526,Sørreisa,Tromsø,Trondheim,True,10.53,3369.0,2,2026-07-15,11,2027-04-15
5528,Dyrøy,Tromsø,Molde,True,0.76,1965.0,5,2026-10-15,24,2028-05-15
5530,Senja,Tromsø,Molde,True,52.38,17646.0,1,2026-06-15,8,2027-01-15
5532,Balsfjord,Tromsø,Kristiansand,True,4.59,13047.0,5,2026-10-15,24,2028-05-15
5534,Karlsøy,Tromsø,Hamar,True,25.07,5355.0,2,2026-07-15,11,2027-04-15
5536,Lyngen,Tromsø,Oslo,True,18.13,4562.0,2,2026-07-15,11,2027-04-15
5542,Skjervøy,Tromsø,Kristiansand,True,1.1,2218.0,4,2026-09-15,19,2027-12-15
5544,Nordreisa - Ráisa - Raisi,Tromsø,Skien,True,53.15,4821.0,1,2026-06-15,8,2027-01-15
5546,Kvænangen,Tromsø,Kristiansand,True,32.62,4328.0,1,2026-06-15,8,2027-01-15
5601,Alta,Tromsø,,True,72.96,17457.0,1,2026-06-15,8,2027-01-15
5603,Hammerfest - Hámmerfeasta,Tromsø,Stavanger,True,44.7,6601.0,2,2026-07-15,11,2027-04-15
5605,Sør-Varanger,Tromsø,Tromsø,False,61.47,7082.0,2,2026-07-15,11,2027-04-15
5607,Vadsø,Tromsø,Bergen,True,28.47,5170.0,0,2026-05-15,6,2026-11-15
5610,Kárášjohka - Karasjok,Tromsø,Hamar,True,96.35,8565.0,2,2026-07-15,11,2027-04-15
5612,Guovdageaidnu - Kautokeino,Tromsø,Bergen,True,179.3,19267.0,1,2026-06-15,8,2027-01-15
5614,Loppa,Tromsø,Kristiansand,True,11.63,1446.0,1,2026-06-15,8,2027-01-15
5616,Hasvik,Tromsø,Bergen,True,9.4,1313.0,2,2026-07-15,11,2027-04-15
5618,Måsøy,Tromsø,Skien,True,18.62,1802.0,1,2026-06-15,8,2027-01-15
5620,Nordkapp,Tromsø,Skien,True,16.35,1716.0,1,2026-06-15,8,2027-01-15
5622,Porsanger - Porsáŋgu - Porsanki,Tromsø,Oslo,True,87.38,9568.0,0,2026-05-15,6,2026-11-15
5624,Lebesby,Tromsø,Bergen,True,44.53,3191.0,2,2026-07-15,11,2027-04-15
5628,Deatnu - Tana,Tromsø,Bodø,True,72.72,9359.0,2,2026-07-15,11,2027-04-15
5636,Unjárga - Nesseby,Tromsø,Stavanger,True,30.3,3635.0,0,2026-05-15,6,2026-11-15
1511,Vanylven,Molde,Molde,False,0.0,3853.0,0,2026-05-01,0,2026-05-15
1514,Sande,Molde,Molde,False,0.0,1741.0,0,2026-05-01,0,2026-05-15
1515,Herøy,Molde,Molde,False,0.0,3933.0,0,2026-05-01,0,2026-05-15
1516,Ulstein,Molde,Molde,False,0.0,2064.0,0,2026-05-01,0,2026-05-15
1517,Hareid,Molde,Molde,False,0.0,1697.0,0,2026-05-01,0,2026-05-15
1520,Ørsta,Molde,Molde,False,0.0,7613.0,0,2026-05-01,0,2026-05-15
1531,Sula,Molde,Molde,False,0.0,2706.0,0,2026-05-01,0,2026-05-15
1532,Giske,Molde,Molde,False,0.0,1996.0,0,2026-05-01,0,2026-05-15
1539,Rauma,Molde,Molde,False,0.0,7546.0,0,2026-05-01,0,2026-05-15
1573,Smøla,Molde,Molde,False,0.0,1964.0,0,2026-05-01,0,2026-05-15
1577,Volda,Molde,Molde,False,0.0,7345.0,0,2026-05-01,0,2026-05-15
1868,Øksnes,Bodø,Bodø,False,0.0,2602.0,0,2026-05-01,1,2026-06-15
3101,Halden,Oslo,Oslo,False,0.0,11913.0,0,2026-05-01,1,2026-06-15
3112,Råde,Oslo,Oslo,False,0.0,2288.0,0,2026-05-01,1,2026-06-15
3122,Marker,Oslo,Oslo,False,0.0,2269.0,0,2026-05-01,1,2026-06-15
3124,Aremark,Oslo,Oslo,False,0.0,1483.0,0,2026-05-01,1,2026-06-15
3207,Nordre Follo,Oslo,Oslo,False,0.0,6990.0,0,2026-05-01,1,2026-06-15
3212,Nesodden,Oslo,Oslo,False,0.0,2953.0,0,2026-05-01,1,2026-06-15
3214,Frogn,Oslo,Oslo,False,0.0,4201.0,0,2026-05-01,1,2026-06-15
3216,Vestby,Oslo,Oslo,False,0.0,4345.0,0,2026-05-01,1,2026-06-15
3218,Ås,Oslo,Oslo,False,0.0,3084.0,0,2026-05-01,1,2026-06-15
3220,Enebakk,Oslo,Oslo,False,0.0,4093.0,0,2026-05-01,2,2026-07-15
3224,Rælingen,Oslo,Oslo,False,0.0,3352.0,0,2026-05-01,2,2026-07-15
3230,Gjerdrum,Oslo,Oslo,False,0.0,1443.0,0,2026-05-01,2,2026-07-15
3234,Lunner,Oslo,Oslo,False,0.0,5579.0,0,2026-05-01,2,2026-07-15
3236,Jevnaker,Oslo,Oslo,False,0.0,3494.0,0,2026-05-01,2,2026-07-15
3238,Nannestad,Oslo,Oslo,False,0.0,4444.0,0,2026-05-01,2,2026-07-15
3240,Eidsvoll,Oslo,Oslo,False,0.0,5707.0,0,2026-05-01,2,2026-07-15
3242,Hurdal,Oslo,Oslo,False,0.0,4543.0,0,2026-05-01,2,2026-07-15
3310,Hole,Oslo,Oslo,False,0.0,3102.0,0,2026-05-01,2,2026-07-15
3318,Krødsherad,Oslo,Oslo,False,0.0,7775.0,0,2026-05-01,2,2026-07-15
3334,Flesberg,Oslo,Oslo,False,0.0,10021.0,0,2026-05-01,2,2026-07-15
3414,Nord-Odal,Hamar,Hamar,False,0.0,3411.0,0,2026-05-01,2,2026-07-15
3415,Sør-Odal,Hamar,Hamar,False,0.0,5776.0,0,2026-05-01,3,2026-08-15
3416,Eidskog,Hamar,Hamar,False,0.0,5440.0,0,2026-05-01,3,2026-08-15
3417,Grue,Hamar,Hamar,False,0.0,4204.0,0,2026-05-01,3,2026-08-15
3418,Åsnes,Hamar,Hamar,False,0.0,5531.0,0,2026-05-01,3,2026-08-15
4020,Midt-Telemark,Skien,Skien,False,0.0,9207.0,0,2026-05-01,3,2026-08-15
4226,Hægebostad,Kristiansand,Kristiansand,False,0.0,5244.0,0,2026-05-01,3,2026-08-15
4615,Fitjar,Bergen,Bergen,False,0.0,4648.0,0,2026-05-01,4,2026-09-15
4616,Tysnes,Bergen,Bergen,False,0.0,7572.0,0,2026-05-01,4,2026-09-15
4625,Austevoll,Bergen,Bergen,False,0.0,2012.0,0,2026-05-01,4,2026-09-15
4629,Modalen,Bergen,Bergen,False,0.0,1428.0,0,2026-05-01,4,2026-09-15
4633,Fedje,Bergen,Bergen,False,0.0,778.0,0,2026-05-01,4,2026-09-15
5006,Steinkjer,Trondheim,Trondheim,False,0.0,15485.0,0,2026-05-01,4,2026-09-15
5007,Namsos - Nåavmesjenjaelmie,Trondheim,Trondheim,False,0.0,9057.0,0,2026-05-01,4,2026-09-15
5014,Frøya,Trondheim,Trondheim,False,0.0,6058.0,0,2026-05-01,4,2026-09-15
5020,Osen,Trondheim,Trondheim,False,0.0,2487.0,0,2026-05-01,4,2026-09-15
5022,Rennebu,Trondheim,Trondheim,False,0.0,9074.0,0,2026-05-01,5,2026-10-15
5031,Malvik,Trondheim,Trondheim,False,0.0,3146.0,0,2026-05-01,5,2026-10-15
5036,Frosta,Trondheim,Trondheim,False,0.0,2623.0,0,2026-05-01,5,2026-10-15
5037,Levanger,Trondheim,Trondheim,False,0.0,12304.0,0,2026-05-01,5,2026-10-15
5052,Leka,Trondheim,Trondheim,False,0.0,743.0,0,2026-05-01,5,2026-10-15
5057,Ørland,Trondheim,Trondheim,False,0.0,3888.0,0,2026-05-01,5,2026-10-15
5060,Nærøysund,Trondheim,Trondheim,False,0.0,7867.0,0,2026-05-01,6,2026-11-15
5510,Kvæfjord,Tromsø,Tromsø,False,0.0,5849.0,0,2026-05-01,6,2026-11-15
5538,Storfjord - Omasvuotna - Omasvuono,Tromsø,Tromsø,False,0.0,3674.0,0,2026-05-01,6,2026-11-15
5540,Gáivuotna - Kåfjord - Kaivuono,Tromsø,Tromsø,False,0.0,2539.0,0,2026-05-01,6,2026-11-15
5626,Gamvik,Tromsø,Tromsø,False,0.0,945.0,0,2026-05-01,6,2026-11-15
5630,Berlevåg,Tromsø,Tromsø,False,0.0,1390.0,0,2026-05-01,6,2026-11-15
5632,Båtsfjord,Tromsø,Tromsø,False,0.0,1337.0,0,2026-05-01,6,2026-11-15
5634,Vardø,Tromsø,Tromsø,False,0.0,1053.0,0,2026-05-01,6,2026-11-15
